rc: job b0fc900b-2ce3-49ca-ac24-df4788e46fc8 on thor:gpu0

=== BOX
Linux rc-worker-kk96r 6.8.12-1021-tegra #1 SMP PREEMPT Mon Jun  1 13:25:46 PDT 2026 aarch64 aarch64 aarch64 GNU/Linux
nproc=14
 13:35:42 up 16:56,  0 user,  load average: 3.69, 3.65, 3.64
               total        used        free      shared  buff/cache   available
Mem:             122           4          37           0          52         118
Swap:             30           0          30
Filesystem      Size  Used Avail Use% Mounted on
overlay         918G  754G  117G  87% /
boot_id: e2112cac-660b-434e-911d-33cbd29b9176
worker: rc-worker-kk96r
governor: schedutil
scaling_max_freq: 2601000
NVIDIA Thor, 595.78
LOAD_FLOOR(pre-build)=3.69

=== TOOLCHAIN
cmake version 3.28.3
g++ (Ubuntu 13.3.0-6ubuntu2~24.04.1) 13.3.0
1.11.1

=== RECLAIM -- the worker container is REUSED between jobs
Filesystem      Size  Used Avail Use% Mounted on
overlay         918G  754G  117G  87% /
avail_KB=122414888

=== SOURCE -- three trees from one archive
BASE_SHA=ea9b7e30e5ef1e0d665992293e23f798ad7fcdc8
62209063367065f88ec4d91ccd4c62e4369e2dc4f06643cd13033bb772999988  /workspace/vllm-cpp-1770/src.tar.gz
extracted arm=C rc=0
extracted arm=D rc=0
extracted arm=D2 rc=0
MUTATION: occurrences of rule (1) found = 1
MUTATION applied
MUTATION_RC=0

=== THE ARMS ARE THREE ARMS -- at the SOURCE, which is the control a hash cannot be (#1516)
src[C] src/vt/cpu/cpu_conv1d_block.h sha256=1692e6ecc9a9545dbed49627c896588edc3590f160fd041a6c9c0e0b0d0b50dd
src[D] src/vt/cpu/cpu_conv1d_block.h sha256=8e3af6fdf021fe451ac538623af58d7ac347f316d284e9f1a7398873975d9530
src[D2] src/vt/cpu/cpu_conv1d_block.h sha256=8e3af6fdf021fe451ac538623af58d7ac347f316d284e9f1a7398873975d9530
--- the diff that IS arm C
--- /tmp/s1770-D/src/vt/cpu/cpu_conv1d_block.h	2026-08-23 13:31:47.000000000 +0000
+++ /tmp/s1770-C/src/vt/cpu/cpu_conv1d_block.h	2026-08-23 13:35:50.508000000 +0000
@@ -98,8 +98,9 @@
 // `tests/vt/test_ops_conv1d_general.cpp` gates both rules.
 inline int64_t Conv1dTimeBlock(int64_t in_per_group, int64_t out_channels, int64_t kernel,
                                int64_t stride, int64_t dilation, int64_t in_len, int64_t length) {
-  // Rule (1). `length` means one block, which is the pre-decomposition loop.
-  if (out_channels * kernel > in_len) return length;
+  // Rule (1) REMOVED for arm C (#1770). Cast so the arm compiles unchanged.
+  (void)out_channels;
+  (void)in_len;
   // One block of `b` output positions reads input positions
   // [t0*stride - pad, t0*stride - pad + (b-1)*stride + (kernel-1)*dilation], so
   // the span grows with `stride` and the constant term with the dilated kernel.
hunks=1
SOURCE GUARD OK: C differs from D, D2 is byte-identical to D
--- whole-tree diff, so nothing else moved
Files /tmp/s1770-D/src/vt/cpu/cpu_conv1d_block.h and /tmp/s1770-C/src/vt/cpu/cpu_conv1d_block.h differ
D2 tree identical to D: OK

=== BUILD -- Release, CPU only, one build directory per arm
--- configure arm=C
CONFIGURE_RC[C]=0
--- compile arm=C
[heartbeat] 2026-08-23T13:37:42Z
[heartbeat] 2026-08-23T13:39:42Z
BUILD_RC[C]=0
probe  binary[C] sha256=c281604a474f49c8ada1952214b1ed753deddb5ba010c5ece2aaaaa33594c4f8
window binary[C] sha256=3d8a346d0c400b15a82c75286fdf769fefe2d826c52b553a820dac6ca641882b
--- configure arm=D
CONFIGURE_RC[D]=0
--- compile arm=D
[heartbeat] 2026-08-23T13:41:42Z
[heartbeat] 2026-08-23T13:43:42Z
BUILD_RC[D]=0
probe  binary[D] sha256=3ffdeb304cac20a390c2cfcf297223859dc3425153269b809669ab25a6f4f78b
window binary[D] sha256=370d6b83ab88bfe2df1447d0941aef3d0193cdbeddb3b71171793643a71e8e23
--- configure arm=D2
CONFIGURE_RC[D2]=0
--- compile arm=D2
[heartbeat] 2026-08-23T13:45:42Z
[heartbeat] 2026-08-23T13:47:42Z
BUILD_RC[D2]=0
probe  binary[D2] sha256=db7b5b961e75522b154b8db2d81c36fa2abc9c052e9f468d2743539c8171093e
window binary[D2] sha256=1491a05173f62b29115271df19affb5fb475f2d3591df73ac9b442155ba13ad7
Filesystem      Size  Used Avail Use% Mounted on
overlay         918G  756G  116G  87% /

=== BINARY IDENTITY -- recorded, not required
NOTE two build directories give two hashes from identical source (#1516), so
D2 hashing the same as D or not is a fact about the build, not about the arms.
The SOURCE guard above is what says these are three arms; the BEHAVIOURAL
control (conv_out user/wall, and D2's own spread) is what says so at run time.

=== CORRECTNESS FIRST, on ARM C -- the arm that would ship if the condition goes
--- arm=C test_ops_conv1d_general
RC[C:test_ops_conv1d_general]=1
[SKIP] no CUDA backend: Conv1d tiled-cancellation CPU-vs-CUDA NOT exercised
[SKIP] no CUDA backend: Conv1d tap-order cancellation CPU-vs-CUDA NOT exercised
[SKIP] no CUDA backend: vt::Conv1d/ConvTranspose1d device arm NOT exercised
[SKIP] no CUDA backend: cancellation CPU-vs-CUDA agreement NOT exercised
[doctest] test cases:    14 |    13 passed | 1 failed | 0 skipped
[doctest] assertions: 19696 | 19687 passed | 9 failed |
[doctest] Status: FAILURE!
--- arm=C test_host_parallel
RC[C:test_host_parallel]=0
[doctest] test cases:  11 |  11 passed | 0 failed | 0 skipped
[doctest] assertions: 968 | 968 passed | 0 failed |
[doctest] Status: SUCCESS!
--- arm=C test_vocoder1d
RC[C:test_vocoder1d]=0
[doctest] test cases: 11 | 11 passed | 0 failed | 0 skipped
[doctest] assertions: 66 | 66 passed | 0 failed |
[doctest] Status: SUCCESS!
--- arm=C test_bigvgan
RC[C:test_bigvgan]=0
/tmp/s1770-C/tests/vllm/models/test_bigvgan.cpp:338: MESSAGE: SKIPPED: set VLLM_CPP_INDEXTTS2_BIGVGAN to the converted bigvgan.safetensors to check the real checkpoint
/tmp/s1770-C/tests/vllm/models/test_bigvgan.cpp:363: MESSAGE: SKIPPED: no VLLM_CPP_INDEXTTS2_BIGVGAN, so no audio was rendered
[doctest] test cases:  7 |  7 passed | 0 failed | 0 skipped
[doctest] assertions: 85 | 85 passed | 0 failed |
[doctest] Status: SUCCESS!
--- arm=C test_minimax_music3_acoustic
RC[C:test_minimax_music3_acoustic]=0
/tmp/s1770-C/tests/vllm/models/test_minimax_music3_acoustic.cpp:823: MESSAGE: SKIP: no CUDA backend registered (this is a CPU-only build)
[doctest] test cases:  40 |  40 passed | 0 failed | 0 skipped
[doctest] assertions: 395 | 395 passed | 0 failed |
[doctest] Status: SUCCESS!
--- arm=C test_ltx2_vae
RC[C:test_ltx2_vae]=0
[doctest] test cases:   45 |   45 passed | 0 failed | 0 skipped
[doctest] assertions: 3152 | 3152 passed | 0 failed |
[doctest] Status: SUCCESS!
--- arm=C test_minimax_h3
RC[C:test_minimax_h3]=0
/tmp/s1770-C/tests/vllm/models/test_minimax_h3.cpp:1378: MESSAGE: SKIP: no CUDA backend registered
/tmp/s1770-C/tests/vllm/models/test_minimax_h3.cpp:1395: MESSAGE: SKIP: no CUDA backend registered
/tmp/s1770-C/tests/vllm/models/test_minimax_h3.cpp:1417: MESSAGE: SKIP: no CUDA backend registered
/tmp/s1770-C/tests/vllm/models/test_minimax_h3.cpp:2976: MESSAGE: SKIP: no CUDA backend registered
/tmp/s1770-C/tests/vllm/models/test_minimax_h3.cpp:3901: MESSAGE: SKIP: no CUDA backend registered (device t2va)
/tmp/s1770-C/tests/vllm/models/test_minimax_h3.cpp:4785: MESSAGE: SKIP: no CUDA backend registered
/tmp/s1770-C/tests/vllm/models/test_minimax_h3.cpp:6263: MESSAGE: SKIP: no CUDA backend registered
[doctest] test cases:    80 |    80 passed | 0 failed | 0 skipped
[doctest] assertions: 57416 | 57416 passed | 0 failed |
[doctest] Status: SUCCESS!
--- arm=C test_ops_conv1d_general FAILURES in full, because rule (1) IS gated
9:TEST CASE:  the shipped vocoder geometries are MULTI-BLOCK, so the decomposition is reached
11:/tmp/s1770-C/tests/vt/test_ops_conv1d_general.cpp:966: ERROR: CHECK( block == sh.length ) is NOT correct!
12:  values: CHECK( 96 == 344 )
15:/tmp/s1770-C/tests/vt/test_ops_conv1d_general.cpp:966: ERROR: CHECK( block == sh.length ) is NOT correct!
16:  values: CHECK( 160 == 2752 )
19:/tmp/s1770-C/tests/vt/test_ops_conv1d_general.cpp:966: ERROR: CHECK( block == sh.length ) is NOT correct!
20:  values: CHECK( 128 == 2752 )
23:/tmp/s1770-C/tests/vt/test_ops_conv1d_general.cpp:966: ERROR: CHECK( block == sh.length ) is NOT correct!
24:  values: CHECK( 96 == 2752 )
27:/tmp/s1770-C/tests/vt/test_ops_conv1d_general.cpp:992: ERROR: CHECK( block == sh.length ) is NOT correct!
28:  values: CHECK( 128 == 160 )
32:/tmp/s1770-C/tests/vt/test_ops_conv1d_general.cpp:992: ERROR: CHECK( block == sh.length ) is NOT correct!
33:  values: CHECK( 96 == 160 )
37:/tmp/s1770-C/tests/vt/test_ops_conv1d_general.cpp:992: ERROR: CHECK( block == sh.length ) is NOT correct!
38:  values: CHECK( 320 == 1280 )
42:/tmp/s1770-C/tests/vt/test_ops_conv1d_general.cpp:992: ERROR: CHECK( block == sh.length ) is NOT correct!
43:  values: CHECK( 320 == 1280 )
47:/tmp/s1770-C/tests/vt/test_ops_conv1d_general.cpp:992: ERROR: CHECK( block == sh.length ) is NOT correct!
48:  values: CHECK( 256 == 1280 )

=== CORRECTNESS on ARM D -- the shipped tree, as the positive control for the suites above
--- arm=D test_ops_conv1d_general
RC[D:test_ops_conv1d_general]=0
[SKIP] no CUDA backend: Conv1d tiled-cancellation CPU-vs-CUDA NOT exercised
[SKIP] no CUDA backend: Conv1d tap-order cancellation CPU-vs-CUDA NOT exercised
[SKIP] no CUDA backend: vt::Conv1d/ConvTranspose1d device arm NOT exercised
[SKIP] no CUDA backend: cancellation CPU-vs-CUDA agreement NOT exercised
[doctest] test cases:    14 |    14 passed | 0 failed | 0 skipped
[doctest] assertions: 19696 | 19696 passed | 0 failed |
[doctest] Status: SUCCESS!
--- arm=D test_host_parallel
RC[D:test_host_parallel]=0
[doctest] test cases:  11 |  11 passed | 0 failed | 0 skipped
[doctest] assertions: 968 | 968 passed | 0 failed |
[doctest] Status: SUCCESS!
--- arm=D test_vocoder1d
RC[D:test_vocoder1d]=0
[doctest] test cases: 11 | 11 passed | 0 failed | 0 skipped
[doctest] assertions: 66 | 66 passed | 0 failed |
[doctest] Status: SUCCESS!
--- arm=D test_bigvgan
RC[D:test_bigvgan]=0
/tmp/s1770-D/tests/vllm/models/test_bigvgan.cpp:338: MESSAGE: SKIPPED: set VLLM_CPP_INDEXTTS2_BIGVGAN to the converted bigvgan.safetensors to check the real checkpoint
/tmp/s1770-D/tests/vllm/models/test_bigvgan.cpp:363: MESSAGE: SKIPPED: no VLLM_CPP_INDEXTTS2_BIGVGAN, so no audio was rendered
[doctest] test cases:  7 |  7 passed | 0 failed | 0 skipped
[doctest] assertions: 85 | 85 passed | 0 failed |
[doctest] Status: SUCCESS!
--- arm=D test_minimax_music3_acoustic
RC[D:test_minimax_music3_acoustic]=0
/tmp/s1770-D/tests/vllm/models/test_minimax_music3_acoustic.cpp:823: MESSAGE: SKIP: no CUDA backend registered (this is a CPU-only build)
[doctest] test cases:  40 |  40 passed | 0 failed | 0 skipped
[doctest] assertions: 395 | 395 passed | 0 failed |
[doctest] Status: SUCCESS!
--- arm=D test_ltx2_vae
RC[D:test_ltx2_vae]=0
[doctest] test cases:   45 |   45 passed | 0 failed | 0 skipped
[doctest] assertions: 3152 | 3152 passed | 0 failed |
[doctest] Status: SUCCESS!
--- arm=D test_minimax_h3
RC[D:test_minimax_h3]=0
/tmp/s1770-D/tests/vllm/models/test_minimax_h3.cpp:1378: MESSAGE: SKIP: no CUDA backend registered
/tmp/s1770-D/tests/vllm/models/test_minimax_h3.cpp:1395: MESSAGE: SKIP: no CUDA backend registered
/tmp/s1770-D/tests/vllm/models/test_minimax_h3.cpp:1417: MESSAGE: SKIP: no CUDA backend registered
/tmp/s1770-D/tests/vllm/models/test_minimax_h3.cpp:2976: MESSAGE: SKIP: no CUDA backend registered
/tmp/s1770-D/tests/vllm/models/test_minimax_h3.cpp:3901: MESSAGE: SKIP: no CUDA backend registered (device t2va)
/tmp/s1770-D/tests/vllm/models/test_minimax_h3.cpp:4785: MESSAGE: SKIP: no CUDA backend registered
/tmp/s1770-D/tests/vllm/models/test_minimax_h3.cpp:6263: MESSAGE: SKIP: no CUDA backend registered
[doctest] test cases:    80 |    80 passed | 0 failed | 0 skipped
[doctest] assertions: 57416 | 57416 passed | 0 failed |
[doctest] Status: SUCCESS!

=== SETTLE -- against the floor MEASURED at the top of this job, not against a constant
settle target load1<=4.19 (floor 3.69 + 0.5), ceiling 900s
 13:49:31 up 17:10,  0 user,  load average: 9.30, 10.14, 7.82
settle t=0s load1=9.30 target=4.19
[heartbeat] 2026-08-23T13:49:42Z
settle t=60s load1=5.87 target=4.19
settle t=120s load1=4.28 target=4.19
[heartbeat] 2026-08-23T13:51:42Z
settle t=180s load1=3.99 target=4.19
SETTLE_REACHED load1=3.99
 13:52:31 up 17:13,  0 user,  load average: 3.99, 7.20, 7.08

=== THE OP PROBE -- 86 latents, 31 rounds, arms ALTERNATED and REVERSED on even rounds
At 86 latents rule (1) DECLINES dec_in_proj, conv_in, b0_res_conv1 and b0_res_conv2.
--- probe len=86 round=1 arm=C
# vt::Conv1d decomposition probe (#1334) -- threads=14 latents=86 repeats=2
# VLLM_CPP_CPU_THREADS=14  pool.NThreads()=14
geom                in_ch   out_ch      k    out_len     rows  chunks       wall_s     GMAC/s user/wall          fingerprint
dec_in_proj  k1        64     1024      1         86     1024      54      0.00018     31.738     12.30   0xbbb314e38729539e
conv_in      k7      1024     1536      7         86     1536      55      0.01637     57.831     13.72   0x669f2cb14fba1dac
b0_res_conv1 k7       768      768      7        688      768      55      0.04402     64.529     13.46   0xe094d45bb8bfe581
b0_res_conv2 k1       768      768      1        688      768      55      0.00900     45.107     13.03   0x665924b1b8a65823
b1_res_conv1 k7       384      384      7       5504      384      55      0.07100     80.016     13.69   0xa93bd4f43d9ea8f2
b1_res_conv2 k1       384      384      1       5504      384      55      0.02208     36.754     13.25   0xbf95bb47292e9a7f
b2_res_conv1 k7       192      192      7      22016      192      48      0.07859     72.293     13.41   0x364125dddde32752
b2_res_conv2 k1       192      192      1      22016      192      48      0.02282     35.557     12.24   0x1074e5a882593940
b3_res_conv1 k7        96       96      7      44032       96      48      0.04346     65.368     12.72   0x2a8becf4ec69d4a4
b3_res_conv2 k1        96       96      1      44032       96      48      0.01097     36.995     12.74   0xafc3da9787cb83fb
conv_out     k7        96        1      7      44032        1       1      0.00099     29.881     13.03   0xfdf323edf66d795d
TOTAL(one of each)                                                           0.31947
RC=0
--- probe len=86 round=1 arm=D
# vt::Conv1d decomposition probe (#1334) -- threads=14 latents=86 repeats=2
# VLLM_CPP_CPU_THREADS=14  pool.NThreads()=14
geom                in_ch   out_ch      k    out_len     rows  chunks       wall_s     GMAC/s user/wall          fingerprint
dec_in_proj  k1        64     1024      1         86     1024      54      0.00013     42.241     12.63   0xbbb314e38729539e
conv_in      k7      1024     1536      7         86     1536      55      0.01946     48.655     13.63   0x669f2cb14fba1dac
b0_res_conv1 k7       768      768      7        688      768      55      0.03959     71.745     13.51   0xe094d45bb8bfe581
b0_res_conv2 k1       768      768      1        688      768      55      0.01121     36.205     13.92   0x665924b1b8a65823
b1_res_conv1 k7       384      384      7       5504      384      55      0.07093     80.097     13.86   0xa93bd4f43d9ea8f2
b1_res_conv2 k1       384      384      1       5504      384      55      0.01638     49.560     13.89   0xbf95bb47292e9a7f
b2_res_conv1 k7       192      192      7      22016      192      48      0.06915     82.158     13.88   0x364125dddde32752
b2_res_conv2 k1       192      192      1      22016      192      48      0.01645     49.350     13.90   0x1074e5a882593940
b3_res_conv1 k7        96       96      7      44032       96      48      0.03516     80.798     13.75   0x2a8becf4ec69d4a4
b3_res_conv2 k1        96       96      1      44032       96      48      0.00902     44.970     13.70   0xafc3da9787cb83fb
conv_out     k7        96        1      7      44032        1       1      0.00058     51.101     13.13   0xfdf323edf66d795d
TOTAL(one of each)                                                           0.28806
RC=0
--- probe len=86 round=1 arm=D2
# vt::Conv1d decomposition probe (#1334) -- threads=14 latents=86 repeats=2
# VLLM_CPP_CPU_THREADS=14  pool.NThreads()=14
geom                in_ch   out_ch      k    out_len     rows  chunks       wall_s     GMAC/s user/wall          fingerprint
dec_in_proj  k1        64     1024      1         86     1024      54      0.00023     24.900     13.59   0xbbb314e38729539e
conv_in      k7      1024     1536      7         86     1536      55      0.01617     58.566     13.83   0x669f2cb14fba1dac
b0_res_conv1 k7       768      768      7        688      768      55      0.03802     74.722     13.87   0xe094d45bb8bfe581
b0_res_conv2 k1       768      768      1        688      768      55      0.01120     36.244     13.92   0x665924b1b8a65823
b1_res_conv1 k7       384      384      7       5504      384      55      0.07149     79.474     13.82   0xa93bd4f43d9ea8f2
b1_res_conv2 k1       384      384      1       5504      384      55      0.01649     49.229     13.89   0xbf95bb47292e9a7f
b2_res_conv1 k7       192      192      7      22016      192      48      0.06933     81.950     13.83   0x364125dddde32752
b2_res_conv2 k1       192      192      1      22016      192      48      0.01764     46.020     14.01   0x1074e5a882593940
b3_res_conv1 k7        96       96      7      44032       96      48      0.03508     80.964     13.88   0x2a8becf4ec69d4a4
b3_res_conv2 k1        96       96      1      44032       96      48      0.00828     49.000     13.88   0xafc3da9787cb83fb
conv_out     k7        96        1      7      44032        1       1      0.00079     37.448     14.39   0xfdf323edf66d795d
TOTAL(one of each)                                                           0.28469
RC=0
--- probe len=86 round=2 arm=D2
# vt::Conv1d decomposition probe (#1334) -- threads=14 latents=86 repeats=2
# VLLM_CPP_CPU_THREADS=14  pool.NThreads()=14
geom                in_ch   out_ch      k    out_len     rows  chunks       wall_s     GMAC/s user/wall          fingerprint
dec_in_proj  k1        64     1024      1         86     1024      54      0.00017     32.376     12.21   0xbbb314e38729539e
conv_in      k7      1024     1536      7         86     1536      55      0.01770     53.501     13.69   0x669f2cb14fba1dac
b0_res_conv1 k7       768      768      7        688      768      55      0.04076     69.696     13.56   0xe094d45bb8bfe581
b0_res_conv2 k1       768      768      1        688      768      55      0.01117     36.328     13.49   0x665924b1b8a65823
b1_res_conv1 k7       384      384      7       5504      384      55      0.07246     78.402     13.68   0xa93bd4f43d9ea8f2
b1_res_conv2 k1       384      384      1       5504      384      55      0.01634     49.673     13.78   0xbf95bb47292e9a7f
b2_res_conv1 k7       192      192      7      22016      192      48      0.06845     82.993     13.87   0x364125dddde32752
b2_res_conv2 k1       192      192      1      22016      192      48      0.01771     45.818     13.69   0x1074e5a882593940
b3_res_conv1 k7        96       96      7      44032       96      48      0.03447     82.419     13.87   0x2a8becf4ec69d4a4
b3_res_conv2 k1        96       96      1      44032       96      48      0.00876     46.347     13.84   0xafc3da9787cb83fb
conv_out     k7        96        1      7      44032        1       1      0.00083     35.635     14.73   0xfdf323edf66d795d
TOTAL(one of each)                                                           0.28882
RC=0
--- probe len=86 round=2 arm=D
# vt::Conv1d decomposition probe (#1334) -- threads=14 latents=86 repeats=2
# VLLM_CPP_CPU_THREADS=14  pool.NThreads()=14
geom                in_ch   out_ch      k    out_len     rows  chunks       wall_s     GMAC/s user/wall          fingerprint
dec_in_proj  k1        64     1024      1         86     1024      54      0.00018     32.199     11.25   0xbbb314e38729539e
conv_in      k7      1024     1536      7         86     1536      55      0.01586     59.696     13.59   0x669f2cb14fba1dac
b0_res_conv1 k7       768      768      7        688      768      55      0.03893     72.962     13.71   0xe094d45bb8bfe581
b0_res_conv2 k1       768      768      1        688      768      55      0.01108     36.612     13.58   0x665924b1b8a65823
b1_res_conv1 k7       384      384      7       5504      384      55      0.07045     80.645     13.85   0xa93bd4f43d9ea8f2
b1_res_conv2 k1       384      384      1       5504      384      55      0.01733     46.833     13.81   0xbf95bb47292e9a7f
b2_res_conv1 k7       192      192      7      22016      192      48      0.06866     82.744     13.90   0x364125dddde32752
b2_res_conv2 k1       192      192      1      22016      192      48      0.01831     44.336     13.74   0x1074e5a882593940
b3_res_conv1 k7        96       96      7      44032       96      48      0.03470     81.851     13.86   0x2a8becf4ec69d4a4
b3_res_conv2 k1        96       96      1      44032       96      48      0.00836     48.539     13.67   0xafc3da9787cb83fb
conv_out     k7        96        1      7      44032        1       1      0.00061     48.252     14.34   0xfdf323edf66d795d
TOTAL(one of each)                                                           0.28447
RC=0
--- probe len=86 round=2 arm=C
# vt::Conv1d decomposition probe (#1334) -- threads=14 latents=86 repeats=2
# VLLM_CPP_CPU_THREADS=14  pool.NThreads()=14
geom                in_ch   out_ch      k    out_len     rows  chunks       wall_s     GMAC/s user/wall          fingerprint
dec_in_proj  k1        64     1024      1         86     1024      54      0.00021     26.891     12.21   0xbbb314e38729539e
conv_in      k7      1024     1536      7         86     1536      55      0.01599     59.228     13.90   0x669f2cb14fba1dac
b0_res_conv1 k7       768      768      7        688      768      55      0.04108     69.148     13.75   0xe094d45bb8bfe581
b0_res_conv2 k1       768      768      1        688      768      55      0.00919     44.143     13.68   0x665924b1b8a65823
b1_res_conv1 k7       384      384      7       5504      384      55      0.07109     79.911     13.87   0xa93bd4f43d9ea8f2
b1_res_conv2 k1       384      384      1       5504      384      55      0.01737     46.716     13.78   0xbf95bb47292e9a7f
b2_res_conv1 k7       192      192      7      22016      192      48      0.06882     82.549     13.89   0x364125dddde32752
b2_res_conv2 k1       192      192      1      22016      192      48      0.01804     44.984     13.74   0x1074e5a882593940
b3_res_conv1 k7        96       96      7      44032       96      48      0.03551     79.999     13.84   0x2a8becf4ec69d4a4
b3_res_conv2 k1        96       96      1      44032       96      48      0.00866     46.859     13.26   0xafc3da9787cb83fb
conv_out     k7        96        1      7      44032        1       1      0.00082     36.096     14.21   0xfdf323edf66d795d
TOTAL(one of each)                                                           0.28679
RC=0
--- probe len=86 round=3 arm=C
# vt::Conv1d decomposition probe (#1334) -- threads=14 latents=86 repeats=2
# VLLM_CPP_CPU_THREADS=14  pool.NThreads()=14
geom                in_ch   out_ch      k    out_len     rows  chunks       wall_s     GMAC/s user/wall          fingerprint
dec_in_proj  k1        64     1024      1         86     1024      54      0.00015     38.704     12.37   0xbbb314e38729539e
conv_in      k7      1024     1536      7         86     1536      55      0.01590     59.568     13.87   0x669f2cb14fba1dac
b0_res_conv1 k7       768      768      7        688      768      55      0.04032     70.448     13.85   0xe094d45bb8bfe581
b0_res_conv2 k1       768      768      1        688      768      55      0.00949     42.745     13.69   0x665924b1b8a65823
b1_res_conv1 k7       384      384      7       5504      384      55      0.07058     80.495     13.90   0xa93bd4f43d9ea8f2
b1_res_conv2 k1       384      384      1       5504      384      55      0.01680     48.302     13.72   0xbf95bb47292e9a7f
b2_res_conv1 k7       192      192      7      22016      192      48      0.06921     82.091     13.90   0x364125dddde32752
b2_res_conv2 k1       192      192      1      22016      192      48      0.01750     46.384     13.97   0x1074e5a882593940
b3_res_conv1 k7        96       96      7      44032       96      48      0.03469     81.883     13.94   0x2a8becf4ec69d4a4
b3_res_conv2 k1        96       96      1      44032       96      48      0.00867     46.810     13.12   0xafc3da9787cb83fb
conv_out     k7        96        1      7      44032        1       1      0.00082     36.119     14.36   0xfdf323edf66d795d
TOTAL(one of each)                                                           0.28412
RC=0
--- probe len=86 round=3 arm=D
# vt::Conv1d decomposition probe (#1334) -- threads=14 latents=86 repeats=2
# VLLM_CPP_CPU_THREADS=14  pool.NThreads()=14
geom                in_ch   out_ch      k    out_len     rows  chunks       wall_s     GMAC/s user/wall          fingerprint
dec_in_proj  k1        64     1024      1         86     1024      54      0.00019     29.760     13.61   0xbbb314e38729539e
conv_in      k7      1024     1536      7         86     1536      55      0.01606     58.946     13.83   0x669f2cb14fba1dac
b0_res_conv1 k7       768      768      7        688      768      55      0.03786     75.026     13.93   0xe094d45bb8bfe581
b0_res_conv2 k1       768      768      1        688      768      55      0.01114     36.411     13.69   0x665924b1b8a65823
b1_res_conv1 k7       384      384      7       5504      384      55      0.07056     80.521     13.92   0xa93bd4f43d9ea8f2
b1_res_conv2 k1       384      384      1       5504      384      55      0.01691     47.992     13.87   0xbf95bb47292e9a7f
b2_res_conv1 k7       192      192      7      22016      192      48      0.06977     81.428     13.83   0x364125dddde32752
b2_res_conv2 k1       192      192      1      22016      192      48      0.01834     44.251     13.82   0x1074e5a882593940
b3_res_conv1 k7        96       96      7      44032       96      48      0.03452     82.288     13.88   0x2a8becf4ec69d4a4
b3_res_conv2 k1        96       96      1      44032       96      48      0.00872     46.523     13.80   0xafc3da9787cb83fb
conv_out     k7        96        1      7      44032        1       1      0.00065     45.615     15.80   0xfdf323edf66d795d
TOTAL(one of each)                                                           0.28473
RC=0
--- probe len=86 round=3 arm=D2
# vt::Conv1d decomposition probe (#1334) -- threads=14 latents=86 repeats=2
# VLLM_CPP_CPU_THREADS=14  pool.NThreads()=14
geom                in_ch   out_ch      k    out_len     rows  chunks       wall_s     GMAC/s user/wall          fingerprint
dec_in_proj  k1        64     1024      1         86     1024      54      0.00014     41.062     10.33   0xbbb314e38729539e
conv_in      k7      1024     1536      7         86     1536      55      0.01596     59.321     13.77   0x669f2cb14fba1dac
b0_res_conv1 k7       768      768      7        688      768      55      0.03760     75.548     13.95   0xe094d45bb8bfe581
b0_res_conv2 k1       768      768      1        688      768      55      0.01130     35.925     13.68   0x665924b1b8a65823
b1_res_conv1 k7       384      384      7       5504      384      55      0.07419     76.577     13.60   0xa93bd4f43d9ea8f2
b1_res_conv2 k1       384      384      1       5504      384      55      0.01601     50.697     13.99   0xbf95bb47292e9a7f
b2_res_conv1 k7       192      192      7      22016      192      48      0.06945     81.804     13.87   0x364125dddde32752
b2_res_conv2 k1       192      192      1      22016      192      48      0.01667     48.693     13.85   0x1074e5a882593940
b3_res_conv1 k7        96       96      7      44032       96      48      0.03514     80.837     13.85   0x2a8becf4ec69d4a4
b3_res_conv2 k1        96       96      1      44032       96      48      0.00798     50.875     13.82   0xafc3da9787cb83fb
conv_out     k7        96        1      7      44032        1       1      0.00055     54.204     13.05   0xfdf323edf66d795d
TOTAL(one of each)                                                           0.28497
RC=0
--- probe len=86 round=4 arm=D2
# vt::Conv1d decomposition probe (#1334) -- threads=14 latents=86 repeats=2
# VLLM_CPP_CPU_THREADS=14  pool.NThreads()=14
geom                in_ch   out_ch      k    out_len     rows  chunks       wall_s     GMAC/s user/wall          fingerprint
dec_in_proj  k1        64     1024      1         86     1024      54      0.00015     36.857     12.27   0xbbb314e38729539e
conv_in      k7      1024     1536      7         86     1536      55      0.01656     57.163     13.46   0x669f2cb14fba1dac
b0_res_conv1 k7       768      768      7        688      768      55      0.03847     73.838     13.87   0xe094d45bb8bfe581
b0_res_conv2 k1       768      768      1        688      768      55      0.01131     35.892     13.93   0x665924b1b8a65823
b1_res_conv1 k7       384      384      7       5504      384      55      0.07227     78.606     13.84   0xa93bd4f43d9ea8f2
b1_res_conv2 k1       384      384      1       5504      384      55      0.01681     48.282     13.79   0xbf95bb47292e9a7f
b2_res_conv1 k7       192      192      7      22016      192      48      0.06878     82.595     13.88   0x364125dddde32752
b2_res_conv2 k1       192      192      1      22016      192      48      0.01781     45.557     13.74   0x1074e5a882593940
b3_res_conv1 k7        96       96      7      44032       96      48      0.03444     82.486     13.93   0x2a8becf4ec69d4a4
b3_res_conv2 k1        96       96      1      44032       96      48      0.01285     31.587     12.89   0xafc3da9787cb83fb
conv_out     k7        96        1      7      44032        1       1      0.00060     49.447     14.41   0xfdf323edf66d795d
TOTAL(one of each)                                                           0.29006
RC=0
--- probe len=86 round=4 arm=D
# vt::Conv1d decomposition probe (#1334) -- threads=14 latents=86 repeats=2
# VLLM_CPP_CPU_THREADS=14  pool.NThreads()=14
geom                in_ch   out_ch      k    out_len     rows  chunks       wall_s     GMAC/s user/wall          fingerprint
dec_in_proj  k1        64     1024      1         86     1024      54      0.00014     40.696     14.66   0xbbb314e38729539e
conv_in      k7      1024     1536      7         86     1536      55      0.01912     49.526     13.98   0x669f2cb14fba1dac
b0_res_conv1 k7       768      768      7        688      768      55      0.03851     73.764     13.69   0xe094d45bb8bfe581
b0_res_conv2 k1       768      768      1        688      768      55      0.01123     36.126     13.98   0x665924b1b8a65823
b1_res_conv1 k7       384      384      7       5504      384      55      0.07103     79.982     13.89   0xa93bd4f43d9ea8f2
b1_res_conv2 k1       384      384      1       5504      384      55      0.01683     48.231     13.82   0xbf95bb47292e9a7f
b2_res_conv1 k7       192      192      7      22016      192      48      0.06866     82.741     13.86   0x364125dddde32752
b2_res_conv2 k1       192      192      1      22016      192      48      0.02130     38.103     12.81   0x1074e5a882593940
b3_res_conv1 k7        96       96      7      44032       96      48      0.04346     65.358     12.62   0x2a8becf4ec69d4a4
b3_res_conv2 k1        96       96      1      44032       96      48      0.01041     38.977     12.41   0xafc3da9787cb83fb
conv_out     k7        96        1      7      44032        1       1      0.00068     43.290     13.14   0xfdf323edf66d795d
TOTAL(one of each)                                                           0.30138
RC=0
--- probe len=86 round=4 arm=C
# vt::Conv1d decomposition probe (#1334) -- threads=14 latents=86 repeats=2
# VLLM_CPP_CPU_THREADS=14  pool.NThreads()=14
geom                in_ch   out_ch      k    out_len     rows  chunks       wall_s     GMAC/s user/wall          fingerprint
dec_in_proj  k1        64     1024      1         86     1024      54      0.00018     32.011     12.25   0xbbb314e38729539e
conv_in      k7      1024     1536      7         86     1536      55      0.01902     49.773     12.68   0x669f2cb14fba1dac
b0_res_conv1 k7       768      768      7        688      768      55      0.04124     68.874     12.60   0xe094d45bb8bfe581
b0_res_conv2 k1       768      768      1        688      768      55      0.01202     33.758     12.82   0x665924b1b8a65823
b1_res_conv1 k7       384      384      7       5504      384      55      0.07267     78.174     13.31   0xa93bd4f43d9ea8f2
b1_res_conv2 k1       384      384      1       5504      384      55      0.01487     54.587     13.86   0xbf95bb47292e9a7f
b2_res_conv1 k7       192      192      7      22016      192      48      0.06931     81.971     13.91   0x364125dddde32752
b2_res_conv2 k1       192      192      1      22016      192      48      0.01638     49.558     13.88   0x1074e5a882593940
b3_res_conv1 k7        96       96      7      44032       96      48      0.03550     80.018     13.87   0x2a8becf4ec69d4a4
b3_res_conv2 k1        96       96      1      44032       96      48      0.00827     49.074     13.46   0xafc3da9787cb83fb
conv_out     k7        96        1      7      44032        1       1      0.00079     37.491     14.44   0xfdf323edf66d795d
TOTAL(one of each)                                                           0.29025
RC=0
--- probe len=86 round=5 arm=C
# vt::Conv1d decomposition probe (#1334) -- threads=14 latents=86 repeats=2
# VLLM_CPP_CPU_THREADS=14  pool.NThreads()=14
geom                in_ch   out_ch      k    out_len     rows  chunks       wall_s     GMAC/s user/wall          fingerprint
dec_in_proj  k1        64     1024      1         86     1024      54      0.00015     38.768     14.46   0xbbb314e38729539e
conv_in      k7      1024     1536      7         86     1536      55      0.01879     50.396     13.57   0x669f2cb14fba1dac
b0_res_conv1 k7       768      768      7        688      768      55      0.04148     68.488     13.82   0xe094d45bb8bfe581
b0_res_conv2 k1       768      768      1        688      768      55      0.00919     44.137     13.47   0x665924b1b8a65823
b1_res_conv1 k7       384      384      7       5504      384      55      0.07196     78.949     13.86   0xa93bd4f43d9ea8f2
b1_res_conv2 k1       384      384      1       5504      384      55      0.01667     48.694     13.32   0xbf95bb47292e9a7f
b2_res_conv1 k7       192      192      7      22016      192      48      0.07125     79.734     13.70   0x364125dddde32752
b2_res_conv2 k1       192      192      1      22016      192      48      0.01719     47.214     13.80   0x1074e5a882593940
b3_res_conv1 k7        96       96      7      44032       96      48      0.03535     80.357     13.84   0x2a8becf4ec69d4a4
b3_res_conv2 k1        96       96      1      44032       96      48      0.00762     53.243     13.89   0xafc3da9787cb83fb
conv_out     k7        96        1      7      44032        1       1      0.00056     53.223     14.98   0xfdf323edf66d795d
TOTAL(one of each)                                                           0.29020
RC=0
--- probe len=86 round=5 arm=D
# vt::Conv1d decomposition probe (#1334) -- threads=14 latents=86 repeats=2
# VLLM_CPP_CPU_THREADS=14  pool.NThreads()=14
geom                in_ch   out_ch      k    out_len     rows  chunks       wall_s     GMAC/s user/wall          fingerprint
dec_in_proj  k1        64     1024      1         86     1024      54      0.00017     32.459     12.12   0xbbb314e38729539e
conv_in      k7      1024     1536      7         86     1536      55      0.01640     57.720     13.90   0x669f2cb14fba1dac
b0_res_conv1 k7       768      768      7        688      768      55      0.03772     75.306     13.91   0xe094d45bb8bfe581
b0_res_conv2 k1       768      768      1        688      768      55      0.01133     35.824     13.95   0x665924b1b8a65823
b1_res_conv1 k7       384      384      7       5504      384      55      0.07095     80.069     13.82   0xa93bd4f43d9ea8f2
b1_res_conv2 k1       384      384      1       5504      384      55      0.01672     48.529     13.64   0xbf95bb47292e9a7f
b2_res_conv1 k7       192      192      7      22016      192      48      0.07164     79.306     13.64   0x364125dddde32752
b2_res_conv2 k1       192      192      1      22016      192      48      0.01807     44.919     13.76   0x1074e5a882593940
b3_res_conv1 k7        96       96      7      44032       96      48      0.03587     79.192     13.83   0x2a8becf4ec69d4a4
b3_res_conv2 k1        96       96      1      44032       96      48      0.01005     40.358     13.36   0xafc3da9787cb83fb
conv_out     k7        96        1      7      44032        1       1      0.00063     47.008     13.11   0xfdf323edf66d795d
TOTAL(one of each)                                                           0.28956
RC=0
--- probe len=86 round=5 arm=D2
# vt::Conv1d decomposition probe (#1334) -- threads=14 latents=86 repeats=2
# VLLM_CPP_CPU_THREADS=14  pool.NThreads()=14
geom                in_ch   out_ch      k    out_len     rows  chunks       wall_s     GMAC/s user/wall          fingerprint
dec_in_proj  k1        64     1024      1         86     1024      54      0.00013     43.349     10.15   0xbbb314e38729539e
conv_in      k7      1024     1536      7         86     1536      55      0.01617     58.558     13.88   0x669f2cb14fba1dac
b0_res_conv1 k7       768      768      7        688      768      55      0.03823     74.297     13.78   0xe094d45bb8bfe581
b0_res_conv2 k1       768      768      1        688      768      55      0.01118     36.290     13.78   0x665924b1b8a65823
b1_res_conv1 k7       384      384      7       5504      384      55      0.07084     80.196     13.83   0xa93bd4f43d9ea8f2
b1_res_conv2 k1       384      384      1       5504      384      55      0.01677     48.386     13.80   0xbf95bb47292e9a7f
b2_res_conv1 k7       192      192      7      22016      192      48      0.06970     81.504     13.81   0x364125dddde32752
b2_res_conv2 k1       192      192      1      22016      192      48      0.01714     47.356     13.89   0x1074e5a882593940
b3_res_conv1 k7        96       96      7      44032       96      48      0.03440     82.567     13.78   0x2a8becf4ec69d4a4
b3_res_conv2 k1        96       96      1      44032       96      48      0.00803     50.531     13.73   0xafc3da9787cb83fb
conv_out     k7        96        1      7      44032        1       1      0.00074     39.772     13.24   0xfdf323edf66d795d
TOTAL(one of each)                                                           0.28335
RC=0
--- probe len=86 round=6 arm=D2
# vt::Conv1d decomposition probe (#1334) -- threads=14 latents=86 repeats=2
# VLLM_CPP_CPU_THREADS=14  pool.NThreads()=14
geom                in_ch   out_ch      k    out_len     rows  chunks       wall_s     GMAC/s user/wall          fingerprint
dec_in_proj  k1        64     1024      1         86     1024      54      0.00018     31.882     10.22   0xbbb314e38729539e
conv_in      k7      1024     1536      7         86     1536      55      0.01599     59.224     13.70   0x669f2cb14fba1dac
b0_res_conv1 k7       768      768      7        688      768      55      0.03771     75.326     13.81   0xe094d45bb8bfe581
b0_res_conv2 k1       768      768      1        688      768      55      0.01130     35.904     13.68   0x665924b1b8a65823
b1_res_conv1 k7       384      384      7       5504      384      55      0.07116     79.835     13.91   0xa93bd4f43d9ea8f2
b1_res_conv2 k1       384      384      1       5504      384      55      0.01712     47.411     13.86   0xbf95bb47292e9a7f
b2_res_conv1 k7       192      192      7      22016      192      48      0.06998     81.181     13.86   0x364125dddde32752
b2_res_conv2 k1       192      192      1      22016      192      48      0.01714     47.341     13.89   0x1074e5a882593940
b3_res_conv1 k7        96       96      7      44032       96      48      0.03469     81.883     13.86   0x2a8becf4ec69d4a4
b3_res_conv2 k1        96       96      1      44032       96      48      0.00840     48.311     13.61   0xafc3da9787cb83fb
conv_out     k7        96        1      7      44032        1       1      0.00058     51.259     14.62   0xfdf323edf66d795d
TOTAL(one of each)                                                           0.28425
RC=0
--- probe len=86 round=6 arm=D
# vt::Conv1d decomposition probe (#1334) -- threads=14 latents=86 repeats=2
# VLLM_CPP_CPU_THREADS=14  pool.NThreads()=14
geom                in_ch   out_ch      k    out_len     rows  chunks       wall_s     GMAC/s user/wall          fingerprint
dec_in_proj  k1        64     1024      1         86     1024      54      0.00014     41.720      8.36   0xbbb314e38729539e
conv_in      k7      1024     1536      7         86     1536      55      0.01590     59.538     13.89   0x669f2cb14fba1dac
b0_res_conv1 k7       768      768      7        688      768      55      0.03809     74.571     13.89   0xe094d45bb8bfe581
b0_res_conv2 k1       768      768      1        688      768      55      0.01126     36.032     13.79   0x665924b1b8a65823
b1_res_conv1 k7       384      384      7       5504      384      55      0.07179     79.133     13.85   0xa93bd4f43d9ea8f2
b1_res_conv2 k1       384      384      1       5504      384      55      0.01662     48.838     13.88   0xbf95bb47292e9a7f
b2_res_conv1 k7       192      192      7      22016      192      48      0.07000     81.155     13.81   0x364125dddde32752
b2_res_conv2 k1       192      192      1      22016      192      48      0.01779     45.623     13.71   0x1074e5a882593940
b3_res_conv1 k7        96       96      7      44032       96      48      0.03439     82.606     13.87   0x2a8becf4ec69d4a4
b3_res_conv2 k1        96       96      1      44032       96      48      0.00836     48.523     13.63   0xafc3da9787cb83fb
conv_out     k7        96        1      7      44032        1       1      0.00067     44.423     15.06   0xfdf323edf66d795d
TOTAL(one of each)                                                           0.28501
RC=0
--- probe len=86 round=6 arm=C
# vt::Conv1d decomposition probe (#1334) -- threads=14 latents=86 repeats=2
# VLLM_CPP_CPU_THREADS=14  pool.NThreads()=14
geom                in_ch   out_ch      k    out_len     rows  chunks       wall_s     GMAC/s user/wall          fingerprint
dec_in_proj  k1        64     1024      1         86     1024      54      0.00018     31.598      4.04   0xbbb314e38729539e
conv_in      k7      1024     1536      7         86     1536      55      0.01660     57.030     13.63   0x669f2cb14fba1dac
b0_res_conv1 k7       768      768      7        688      768      55      0.04027     70.544     13.89   0xe094d45bb8bfe581
b0_res_conv2 k1       768      768      1        688      768      55      0.00890     45.578     14.33   0x665924b1b8a65823
b1_res_conv1 k7       384      384      7       5504      384      55      0.07151     79.447     13.84   0xa93bd4f43d9ea8f2
b1_res_conv2 k1       384      384      1       5504      384      55      0.01722     47.144     13.82   0xbf95bb47292e9a7f
b2_res_conv1 k7       192      192      7      22016      192      48      0.06946     81.785     13.90   0x364125dddde32752
b2_res_conv2 k1       192      192      1      22016      192      48      0.01771     45.816     13.84   0x1074e5a882593940
b3_res_conv1 k7        96       96      7      44032       96      48      0.03468     81.899     13.92   0x2a8becf4ec69d4a4
b3_res_conv2 k1        96       96      1      44032       96      48      0.00848     47.854     13.90   0xafc3da9787cb83fb
conv_out     k7        96        1      7      44032        1       1      0.00055     53.610     14.49   0xfdf323edf66d795d
TOTAL(one of each)                                                           0.28557
RC=0
--- probe len=86 round=7 arm=C
# vt::Conv1d decomposition probe (#1334) -- threads=14 latents=86 repeats=2
# VLLM_CPP_CPU_THREADS=14  pool.NThreads()=14
geom                in_ch   out_ch      k    out_len     rows  chunks       wall_s     GMAC/s user/wall          fingerprint
dec_in_proj  k1        64     1024      1         86     1024      54      0.00017     32.927      9.08   0xbbb314e38729539e
conv_in      k7      1024     1536      7         86     1536      55      0.01967     48.135     13.81   0x669f2cb14fba1dac
b0_res_conv1 k7       768      768      7        688      768      55      0.04015     70.746     13.89   0xe094d45bb8bfe581
b0_res_conv2 k1       768      768      1        688      768      55      0.00907     44.720     13.72   0x665924b1b8a65823
b1_res_conv1 k7       384      384      7       5504      384      55      0.07047     80.619     13.92   0xa93bd4f43d9ea8f2
b1_res_conv2 k1       384      384      1       5504      384      55      0.01685     48.161     13.87   0xbf95bb47292e9a7f
b2_res_conv1 k7       192      192      7      22016      192      48      0.06920     82.097     13.88   0x364125dddde32752
b2_res_conv2 k1       192      192      1      22016      192      48      0.01845     43.997     13.83   0x1074e5a882593940
b3_res_conv1 k7        96       96      7      44032       96      48      0.03487     81.460     13.84   0x2a8becf4ec69d4a4
b3_res_conv2 k1        96       96      1      44032       96      48      0.00824     49.277     13.78   0xafc3da9787cb83fb
conv_out     k7        96        1      7      44032        1       1      0.00086     34.348     13.14   0xfdf323edf66d795d
TOTAL(one of each)                                                           0.28800
RC=0
--- probe len=86 round=7 arm=D
# vt::Conv1d decomposition probe (#1334) -- threads=14 latents=86 repeats=2
# VLLM_CPP_CPU_THREADS=14  pool.NThreads()=14
geom                in_ch   out_ch      k    out_len     rows  chunks       wall_s     GMAC/s user/wall          fingerprint
dec_in_proj  k1        64     1024      1         86     1024      54      0.00022     25.686     13.89   0xbbb314e38729539e
conv_in      k7      1024     1536      7         86     1536      55      0.01908     49.633     13.61   0x669f2cb14fba1dac
b0_res_conv1 k7       768      768      7        688      768      55      0.03825     74.255     13.83   0xe094d45bb8bfe581
b0_res_conv2 k1       768      768      1        688      768      55      0.01128     35.971     13.89   0x665924b1b8a65823
b1_res_conv1 k7       384      384      7       5504      384      55      0.07050     80.589     13.89   0xa93bd4f43d9ea8f2
b1_res_conv2 k1       384      384      1       5504      384      55      0.01635     49.643     13.91   0xbf95bb47292e9a7f
b2_res_conv1 k7       192      192      7      22016      192      48      0.07000     81.158     13.84   0x364125dddde32752
b2_res_conv2 k1       192      192      1      22016      192      48      0.01802     45.050     13.98   0x1074e5a882593940
b3_res_conv1 k7        96       96      7      44032       96      48      0.03502     81.122     13.77   0x2a8becf4ec69d4a4
b3_res_conv2 k1        96       96      1      44032       96      48      0.00846     47.972     13.42   0xafc3da9787cb83fb
conv_out     k7        96        1      7      44032        1       1      0.00055     53.999     13.08   0xfdf323edf66d795d
TOTAL(one of each)                                                           0.28772
RC=0
--- probe len=86 round=7 arm=D2
# vt::Conv1d decomposition probe (#1334) -- threads=14 latents=86 repeats=2
# VLLM_CPP_CPU_THREADS=14  pool.NThreads()=14
geom                in_ch   out_ch      k    out_len     rows  chunks       wall_s     GMAC/s user/wall          fingerprint
dec_in_proj  k1        64     1024      1         86     1024      54      0.00018     31.720     12.44   0xbbb314e38729539e
conv_in      k7      1024     1536      7         86     1536      55      0.01581     59.903     13.82   0x669f2cb14fba1dac
b0_res_conv1 k7       768      768      7        688      768      55      0.03750     75.746     13.89   0xe094d45bb8bfe581
b0_res_conv2 k1       768      768      1        688      768      55      0.01119     36.263     13.99   0x665924b1b8a65823
b1_res_conv1 k7       384      384      7       5504      384      55      0.07095     80.069     13.88   0xa93bd4f43d9ea8f2
b1_res_conv2 k1       384      384      1       5504      384      55      0.01652     49.135     13.88   0xbf95bb47292e9a7f
b2_res_conv1 k7       192      192      7      22016      192      48      0.06952     81.717     13.88   0x364125dddde32752
b2_res_conv2 k1       192      192      1      22016      192      48      0.01809     44.866     13.77   0x1074e5a882593940
b3_res_conv1 k7        96       96      7      44032       96      48      0.03626     78.345     13.63   0x2a8becf4ec69d4a4
b3_res_conv2 k1        96       96      1      44032       96      48      0.00986     41.164     12.89   0xafc3da9787cb83fb
conv_out     k7        96        1      7      44032        1       1      0.00077     38.427     13.70   0xfdf323edf66d795d
TOTAL(one of each)                                                           0.28665
RC=0
--- probe len=86 round=8 arm=D2
# vt::Conv1d decomposition probe (#1334) -- threads=14 latents=86 repeats=2
# VLLM_CPP_CPU_THREADS=14  pool.NThreads()=14
geom                in_ch   out_ch      k    out_len     rows  chunks       wall_s     GMAC/s user/wall          fingerprint
dec_in_proj  k1        64     1024      1         86     1024      54      0.00013     43.569     11.29   0xbbb314e38729539e
conv_in      k7      1024     1536      7         86     1536      55      0.01599     59.201     13.87   0x669f2cb14fba1dac
b0_res_conv1 k7       768      768      7        688      768      55      0.03828     74.201     13.63   0xe094d45bb8bfe581
b0_res_conv2 k1       768      768      1        688      768      55      0.01130     35.919     13.57   0x665924b1b8a65823
b1_res_conv1 k7       384      384      7       5504      384      55      0.08214     69.164     13.13   0xa93bd4f43d9ea8f2
b1_res_conv2 k1       384      384      1       5504      384      55      0.02144     37.859     13.13   0xbf95bb47292e9a7f
b2_res_conv1 k7       192      192      7      22016      192      48      0.08546     66.475     13.24   0x364125dddde32752
b2_res_conv2 k1       192      192      1      22016      192      48      0.01880     43.162     13.30   0x1074e5a882593940
b3_res_conv1 k7        96       96      7      44032       96      48      0.04409     64.430     12.86   0x2a8becf4ec69d4a4
b3_res_conv2 k1        96       96      1      44032       96      48      0.00869     46.696     13.66   0xafc3da9787cb83fb
conv_out     k7        96        1      7      44032        1       1      0.00056     52.706     13.87   0xfdf323edf66d795d
TOTAL(one of each)                                                           0.32689
RC=0
--- probe len=86 round=8 arm=D
# vt::Conv1d decomposition probe (#1334) -- threads=14 latents=86 repeats=2
# VLLM_CPP_CPU_THREADS=14  pool.NThreads()=14
geom                in_ch   out_ch      k    out_len     rows  chunks       wall_s     GMAC/s user/wall          fingerprint
dec_in_proj  k1        64     1024      1         86     1024      54      0.00018     31.404     12.24   0xbbb314e38729539e
conv_in      k7      1024     1536      7         86     1536      55      0.01609     58.838     14.01   0x669f2cb14fba1dac
b0_res_conv1 k7       768      768      7        688      768      55      0.03793     74.897     13.82   0xe094d45bb8bfe581
b0_res_conv2 k1       768      768      1        688      768      55      0.01116     36.349     13.86   0x665924b1b8a65823
b1_res_conv1 k7       384      384      7       5504      384      55      0.07055     80.529     13.93   0xa93bd4f43d9ea8f2
b1_res_conv2 k1       384      384      1       5504      384      55      0.01677     48.387     13.82   0xbf95bb47292e9a7f
b2_res_conv1 k7       192      192      7      22016      192      48      0.06973     81.479     13.87   0x364125dddde32752
b2_res_conv2 k1       192      192      1      22016      192      48      0.01836     44.214     13.80   0x1074e5a882593940
b3_res_conv1 k7        96       96      7      44032       96      48      0.03546     80.108     13.70   0x2a8becf4ec69d4a4
b3_res_conv2 k1        96       96      1      44032       96      48      0.00866     46.846     13.82   0xafc3da9787cb83fb
conv_out     k7        96        1      7      44032        1       1      0.00085     34.818     13.40   0xfdf323edf66d795d
TOTAL(one of each)                                                           0.28574
RC=0
--- probe len=86 round=8 arm=C
# vt::Conv1d decomposition probe (#1334) -- threads=14 latents=86 repeats=2
# VLLM_CPP_CPU_THREADS=14  pool.NThreads()=14
geom                in_ch   out_ch      k    out_len     rows  chunks       wall_s     GMAC/s user/wall          fingerprint
dec_in_proj  k1        64     1024      1         86     1024      54      0.00018     31.867     10.18   0xbbb314e38729539e
conv_in      k7      1024     1536      7         86     1536      55      0.01586     59.701     13.87   0x669f2cb14fba1dac
b0_res_conv1 k7       768      768      7        688      768      55      0.04007     70.886     13.88   0xe094d45bb8bfe581
b0_res_conv2 k1       768      768      1        688      768      55      0.00916     44.318     14.20   0x665924b1b8a65823
b1_res_conv1 k7       384      384      7       5504      384      55      0.07123     79.758     13.85   0xa93bd4f43d9ea8f2
b1_res_conv2 k1       384      384      1       5504      384      55      0.01656     49.000     13.89   0xbf95bb47292e9a7f
b2_res_conv1 k7       192      192      7      22016      192      48      0.06943     81.830     13.89   0x364125dddde32752
b2_res_conv2 k1       192      192      1      22016      192      48      0.01817     44.673     13.77   0x1074e5a882593940
b3_res_conv1 k7        96       96      7      44032       96      48      0.03491     81.375     13.76   0x2a8becf4ec69d4a4
b3_res_conv2 k1        96       96      1      44032       96      48      0.00816     49.756     13.54   0xafc3da9787cb83fb
conv_out     k7        96        1      7      44032        1       1      0.00121     24.479     12.46   0xfdf323edf66d795d
TOTAL(one of each)                                                           0.28493
RC=0
--- probe len=86 round=9 arm=C
# vt::Conv1d decomposition probe (#1334) -- threads=14 latents=86 repeats=2
# VLLM_CPP_CPU_THREADS=14  pool.NThreads()=14
geom                in_ch   out_ch      k    out_len     rows  chunks       wall_s     GMAC/s user/wall          fingerprint
dec_in_proj  k1        64     1024      1         86     1024      54      0.00018     31.834      6.07   0xbbb314e38729539e
conv_in      k7      1024     1536      7         86     1536      55      0.01613     58.689     13.81   0x669f2cb14fba1dac
b0_res_conv1 k7       768      768      7        688      768      55      0.04080     69.630     13.87   0xe094d45bb8bfe581
b0_res_conv2 k1       768      768      1        688      768      55      0.00928     43.740     13.90   0x665924b1b8a65823
b1_res_conv1 k7       384      384      7       5504      384      55      0.07121     79.784     13.87   0xa93bd4f43d9ea8f2
b1_res_conv2 k1       384      384      1       5504      384      55      0.01722     47.137     14.01   0xbf95bb47292e9a7f
b2_res_conv1 k7       192      192      7      22016      192      48      0.06972     81.485     13.87   0x364125dddde32752
b2_res_conv2 k1       192      192      1      22016      192      48      0.01833     44.268     13.94   0x1074e5a882593940
b3_res_conv1 k7        96       96      7      44032       96      48      0.03572     79.517     13.83   0x2a8becf4ec69d4a4
b3_res_conv2 k1        96       96      1      44032       96      48      0.00942     43.070     13.40   0xafc3da9787cb83fb
conv_out     k7        96        1      7      44032        1       1      0.00056     52.910     14.37   0xfdf323edf66d795d
TOTAL(one of each)                                                           0.28857
RC=0
--- probe len=86 round=9 arm=D
# vt::Conv1d decomposition probe (#1334) -- threads=14 latents=86 repeats=2
# VLLM_CPP_CPU_THREADS=14  pool.NThreads()=14
geom                in_ch   out_ch      k    out_len     rows  chunks       wall_s     GMAC/s user/wall          fingerprint
dec_in_proj  k1        64     1024      1         86     1024      54      0.00027     21.089     13.00   0xbbb314e38729539e
conv_in      k7      1024     1536      7         86     1536      55      0.01644     57.604     13.77   0x669f2cb14fba1dac
b0_res_conv1 k7       768      768      7        688      768      55      0.03786     75.036     13.80   0xe094d45bb8bfe581
b0_res_conv2 k1       768      768      1        688      768      55      0.01106     36.694     13.80   0x665924b1b8a65823
b1_res_conv1 k7       384      384      7       5504      384      55      0.07114     79.864     13.88   0xa93bd4f43d9ea8f2
b1_res_conv2 k1       384      384      1       5504      384      55      0.01687     48.096     13.84   0xbf95bb47292e9a7f
b2_res_conv1 k7       192      192      7      22016      192      48      0.06897     82.370     13.90   0x364125dddde32752
b2_res_conv2 k1       192      192      1      22016      192      48      0.01771     45.834     13.77   0x1074e5a882593940
b3_res_conv1 k7        96       96      7      44032       96      48      0.03453     82.265     13.91   0x2a8becf4ec69d4a4
b3_res_conv2 k1        96       96      1      44032       96      48      0.00860     47.167     13.59   0xafc3da9787cb83fb
conv_out     k7        96        1      7      44032        1       1      0.00050     59.107     14.51   0xfdf323edf66d795d
TOTAL(one of each)                                                           0.28394
RC=0
--- probe len=86 round=9 arm=D2
# vt::Conv1d decomposition probe (#1334) -- threads=14 latents=86 repeats=2
# VLLM_CPP_CPU_THREADS=14  pool.NThreads()=14
geom                in_ch   out_ch      k    out_len     rows  chunks       wall_s     GMAC/s user/wall          fingerprint
dec_in_proj  k1        64     1024      1         86     1024      54      0.00018     30.713     14.94   0xbbb314e38729539e
conv_in      k7      1024     1536      7         86     1536      55      0.01653     57.284     13.35   0x669f2cb14fba1dac
b0_res_conv1 k7       768      768      7        688      768      55      0.03768     75.378     13.85   0xe094d45bb8bfe581
b0_res_conv2 k1       768      768      1        688      768      55      0.01121     36.197     14.26   0x665924b1b8a65823
b1_res_conv1 k7       384      384      7       5504      384      55      0.07077     80.282     13.88   0xa93bd4f43d9ea8f2
b1_res_conv2 k1       384      384      1       5504      384      55      0.01708     47.517     13.62   0xbf95bb47292e9a7f
b2_res_conv1 k7       192      192      7      22016      192      48      0.06907     82.256     13.91   0x364125dddde32752
b2_res_conv2 k1       192      192      1      22016      192      48      0.01787     45.427     13.75   0x1074e5a882593940
b3_res_conv1 k7        96       96      7      44032       96      48      0.03499     81.179     13.87   0x2a8becf4ec69d4a4
b3_res_conv2 k1        96       96      1      44032       96      48      0.00848     47.856     13.74   0xafc3da9787cb83fb
conv_out     k7        96        1      7      44032        1       1      0.00049     60.944     12.55   0xfdf323edf66d795d
TOTAL(one of each)                                                           0.28434
RC=0
--- probe len=86 round=10 arm=D2
# vt::Conv1d decomposition probe (#1334) -- threads=14 latents=86 repeats=2
# VLLM_CPP_CPU_THREADS=14  pool.NThreads()=14
geom                in_ch   out_ch      k    out_len     rows  chunks       wall_s     GMAC/s user/wall          fingerprint
dec_in_proj  k1        64     1024      1         86     1024      54      0.00018     31.799      4.07   0xbbb314e38729539e
conv_in      k7      1024     1536      7         86     1536      55      0.01622     58.390     13.90   0x669f2cb14fba1dac
b0_res_conv1 k7       768      768      7        688      768      55      0.03764     75.458     13.73   0xe094d45bb8bfe581
b0_res_conv2 k1       768      768      1        688      768      55      0.01128     35.977     13.92   0x665924b1b8a65823
b1_res_conv1 k7       384      384      7       5504      384      55      0.07117     79.826     13.90   0xa93bd4f43d9ea8f2
b1_res_conv2 k1       384      384      1       5504      384      55      0.01659     48.908     13.94   0xbf95bb47292e9a7f
b2_res_conv1 k7       192      192      7      22016      192      48      0.06873     82.662     13.89   0x364125dddde32752
b2_res_conv2 k1       192      192      1      22016      192      48      0.01759     46.149     13.84   0x1074e5a882593940
b3_res_conv1 k7        96       96      7      44032       96      48      0.03459     82.127     13.88   0x2a8becf4ec69d4a4
b3_res_conv2 k1        96       96      1      44032       96      48      0.00818     49.597     13.80   0xafc3da9787cb83fb
conv_out     k7        96        1      7      44032        1       1      0.00054     54.438     13.07   0xfdf323edf66d795d
TOTAL(one of each)                                                           0.28271
RC=0
--- probe len=86 round=10 arm=D
# vt::Conv1d decomposition probe (#1334) -- threads=14 latents=86 repeats=2
# VLLM_CPP_CPU_THREADS=14  pool.NThreads()=14
geom                in_ch   out_ch      k    out_len     rows  chunks       wall_s     GMAC/s user/wall          fingerprint
dec_in_proj  k1        64     1024      1         86     1024      54      0.00017     32.359     12.32   0xbbb314e38729539e
conv_in      k7      1024     1536      7         86     1536      55      0.01649     57.425     13.78   0x669f2cb14fba1dac
b0_res_conv1 k7       768      768      7        688      768      55      0.04061     69.951     13.33   0xe094d45bb8bfe581
b0_res_conv2 k1       768      768      1        688      768      55      0.01123     36.122     13.77   0x665924b1b8a65823
b1_res_conv1 k7       384      384      7       5504      384      55      0.07072     80.336     13.90   0xa93bd4f43d9ea8f2
b1_res_conv2 k1       384      384      1       5504      384      55      0.01692     47.953     13.91   0xbf95bb47292e9a7f
b2_res_conv1 k7       192      192      7      22016      192      48      0.06940     81.858     13.86   0x364125dddde32752
b2_res_conv2 k1       192      192      1      22016      192      48      0.01802     45.032     13.79   0x1074e5a882593940
b3_res_conv1 k7        96       96      7      44032       96      48      0.03441     82.554     13.74   0x2a8becf4ec69d4a4
b3_res_conv2 k1        96       96      1      44032       96      48      0.00912     44.478     13.29   0xafc3da9787cb83fb
conv_out     k7        96        1      7      44032        1       1      0.00083     35.540     14.31   0xfdf323edf66d795d
TOTAL(one of each)                                                           0.28794
RC=0
--- probe len=86 round=10 arm=C
# vt::Conv1d decomposition probe (#1334) -- threads=14 latents=86 repeats=2
# VLLM_CPP_CPU_THREADS=14  pool.NThreads()=14
geom                in_ch   out_ch      k    out_len     rows  chunks       wall_s     GMAC/s user/wall          fingerprint
dec_in_proj  k1        64     1024      1         86     1024      54      0.00017     33.396     13.27   0xbbb314e38729539e
conv_in      k7      1024     1536      7         86     1536      55      0.01615     58.626     13.86   0x669f2cb14fba1dac
b0_res_conv1 k7       768      768      7        688      768      55      0.04208     67.512     13.66   0xe094d45bb8bfe581
b0_res_conv2 k1       768      768      1        688      768      55      0.00983     41.300     14.05   0x665924b1b8a65823
b1_res_conv1 k7       384      384      7       5504      384      55      0.07081     80.233     13.90   0xa93bd4f43d9ea8f2
b1_res_conv2 k1       384      384      1       5504      384      55      0.01637     49.578     13.77   0xbf95bb47292e9a7f
b2_res_conv1 k7       192      192      7      22016      192      48      0.06963     81.588     13.82   0x364125dddde32752
b2_res_conv2 k1       192      192      1      22016      192      48      0.01788     45.388     13.69   0x1074e5a882593940
b3_res_conv1 k7        96       96      7      44032       96      48      0.03435     82.706     13.80   0x2a8becf4ec69d4a4
b3_res_conv2 k1        96       96      1      44032       96      48      0.00823     49.322     13.70   0xafc3da9787cb83fb
conv_out     k7        96        1      7      44032        1       1      0.00066     44.855     13.07   0xfdf323edf66d795d
TOTAL(one of each)                                                           0.28615
RC=0
--- probe len=86 round=11 arm=C
# vt::Conv1d decomposition probe (#1334) -- threads=14 latents=86 repeats=2
# VLLM_CPP_CPU_THREADS=14  pool.NThreads()=14
geom                in_ch   out_ch      k    out_len     rows  chunks       wall_s     GMAC/s user/wall          fingerprint
dec_in_proj  k1        64     1024      1         86     1024      54      0.00019     29.384     12.36   0xbbb314e38729539e
conv_in      k7      1024     1536      7         86     1536      55      0.01621     58.413     13.91   0x669f2cb14fba1dac
b0_res_conv1 k7       768      768      7        688      768      55      0.04054     70.064     13.85   0xe094d45bb8bfe581
b0_res_conv2 k1       768      768      1        688      768      55      0.00888     45.715     14.06   0x665924b1b8a65823
b1_res_conv1 k7       384      384      7       5504      384      55      0.07100     80.013     13.88   0xa93bd4f43d9ea8f2
b1_res_conv2 k1       384      384      1       5504      384      55      0.01660     48.881     13.75   0xbf95bb47292e9a7f
b2_res_conv1 k7       192      192      7      22016      192      48      0.06936     81.912     13.88   0x364125dddde32752
b2_res_conv2 k1       192      192      1      22016      192      48      0.01826     44.436     13.53   0x1074e5a882593940
b3_res_conv1 k7        96       96      7      44032       96      48      0.03598     78.953     13.90   0x2a8becf4ec69d4a4
b3_res_conv2 k1        96       96      1      44032       96      48      0.00873     46.470     13.61   0xafc3da9787cb83fb
conv_out     k7        96        1      7      44032        1       1      0.00050     59.739     14.49   0xfdf323edf66d795d
TOTAL(one of each)                                                           0.28626
RC=0
--- probe len=86 round=11 arm=D
# vt::Conv1d decomposition probe (#1334) -- threads=14 latents=86 repeats=2
# VLLM_CPP_CPU_THREADS=14  pool.NThreads()=14
geom                in_ch   out_ch      k    out_len     rows  chunks       wall_s     GMAC/s user/wall          fingerprint
dec_in_proj  k1        64     1024      1         86     1024      54      0.00018     31.874     12.07   0xbbb314e38729539e
conv_in      k7      1024     1536      7         86     1536      55      0.01638     57.819     13.86   0x669f2cb14fba1dac
b0_res_conv1 k7       768      768      7        688      768      55      0.03811     74.545     13.89   0xe094d45bb8bfe581
b0_res_conv2 k1       768      768      1        688      768      55      0.01122     36.182     13.90   0x665924b1b8a65823
b1_res_conv1 k7       384      384      7       5504      384      55      0.07118     79.812     13.88   0xa93bd4f43d9ea8f2
b1_res_conv2 k1       384      384      1       5504      384      55      0.01620     50.097     13.80   0xbf95bb47292e9a7f
b2_res_conv1 k7       192      192      7      22016      192      48      0.07064     80.428     13.81   0x364125dddde32752
b2_res_conv2 k1       192      192      1      22016      192      48      0.02758     29.426     12.47   0x1074e5a882593940
b3_res_conv1 k7        96       96      7      44032       96      48      0.04827     58.845     12.21   0x2a8becf4ec69d4a4
b3_res_conv2 k1        96       96      1      44032       96      48      0.01612     25.168     12.56   0xafc3da9787cb83fb
conv_out     k7        96        1      7      44032        1       1      0.00117     25.190     13.10   0xfdf323edf66d795d
TOTAL(one of each)                                                           0.31705
RC=0
--- probe len=86 round=11 arm=D2
# vt::Conv1d decomposition probe (#1334) -- threads=14 latents=86 repeats=2
# VLLM_CPP_CPU_THREADS=14  pool.NThreads()=14
geom                in_ch   out_ch      k    out_len     rows  chunks       wall_s     GMAC/s user/wall          fingerprint
dec_in_proj  k1        64     1024      1         86     1024      54      0.00018     31.799      8.15   0xbbb314e38729539e
conv_in      k7      1024     1536      7         86     1536      55      0.01678     56.441     12.76   0x669f2cb14fba1dac
b0_res_conv1 k7       768      768      7        688      768      55      0.05057     56.170     12.57   0xe094d45bb8bfe581
b0_res_conv2 k1       768      768      1        688      768      55      0.01115     36.391     13.68   0x665924b1b8a65823
b1_res_conv1 k7       384      384      7       5504      384      55      0.07091     80.117     13.86   0xa93bd4f43d9ea8f2
b1_res_conv2 k1       384      384      1       5504      384      55      0.01822     44.550     13.40   0xbf95bb47292e9a7f
b2_res_conv1 k7       192      192      7      22016      192      48      0.06880     82.579     13.90   0x364125dddde32752
b2_res_conv2 k1       192      192      1      22016      192      48      0.01757     46.183     13.87   0x1074e5a882593940
b3_res_conv1 k7        96       96      7      44032       96      48      0.03467     81.936     13.91   0x2a8becf4ec69d4a4
b3_res_conv2 k1        96       96      1      44032       96      48      0.00885     45.867     13.80   0xafc3da9787cb83fb
conv_out     k7        96        1      7      44032        1       1      0.00078     38.065     14.28   0xfdf323edf66d795d
TOTAL(one of each)                                                           0.29847
RC=0
--- probe len=86 round=12 arm=D2
# vt::Conv1d decomposition probe (#1334) -- threads=14 latents=86 repeats=2
# VLLM_CPP_CPU_THREADS=14  pool.NThreads()=14
geom                in_ch   out_ch      k    out_len     rows  chunks       wall_s     GMAC/s user/wall          fingerprint
dec_in_proj  k1        64     1024      1         86     1024      54      0.00013     42.818      8.18   0xbbb314e38729539e
conv_in      k7      1024     1536      7         86     1536      55      0.01598     59.237     13.94   0x669f2cb14fba1dac
b0_res_conv1 k7       768      768      7        688      768      55      0.03780     75.145     13.81   0xe094d45bb8bfe581
b0_res_conv2 k1       768      768      1        688      768      55      0.01156     35.093     13.65   0x665924b1b8a65823
b1_res_conv1 k7       384      384      7       5504      384      55      0.07059     80.487     13.80   0xa93bd4f43d9ea8f2
b1_res_conv2 k1       384      384      1       5504      384      55      0.01615     50.245     13.91   0xbf95bb47292e9a7f
b2_res_conv1 k7       192      192      7      22016      192      48      0.06950     81.738     13.84   0x364125dddde32752
b2_res_conv2 k1       192      192      1      22016      192      48      0.01793     45.263     13.85   0x1074e5a882593940
b3_res_conv1 k7        96       96      7      44032       96      48      0.03470     81.858     13.91   0x2a8becf4ec69d4a4
b3_res_conv2 k1        96       96      1      44032       96      48      0.00799     50.798     13.75   0xafc3da9787cb83fb
conv_out     k7        96        1      7      44032        1       1      0.00049     60.029     13.21   0xfdf323edf66d795d
TOTAL(one of each)                                                           0.28284
RC=0
--- probe len=86 round=12 arm=D
# vt::Conv1d decomposition probe (#1334) -- threads=14 latents=86 repeats=2
# VLLM_CPP_CPU_THREADS=14  pool.NThreads()=14
geom                in_ch   out_ch      k    out_len     rows  chunks       wall_s     GMAC/s user/wall          fingerprint
dec_in_proj  k1        64     1024      1         86     1024      54      0.00017     32.908     13.87   0xbbb314e38729539e
conv_in      k7      1024     1536      7         86     1536      55      0.01872     50.589     13.86   0x669f2cb14fba1dac
b0_res_conv1 k7       768      768      7        688      768      55      0.03814     74.471     13.88   0xe094d45bb8bfe581
b0_res_conv2 k1       768      768      1        688      768      55      0.01120     36.231     13.73   0x665924b1b8a65823
b1_res_conv1 k7       384      384      7       5504      384      55      0.07156     79.394     13.74   0xa93bd4f43d9ea8f2
b1_res_conv2 k1       384      384      1       5504      384      55      0.01835     44.232     13.45   0xbf95bb47292e9a7f
b2_res_conv1 k7       192      192      7      22016      192      48      0.06850     82.935     13.87   0x364125dddde32752
b2_res_conv2 k1       192      192      1      22016      192      48      0.01741     46.617     13.71   0x1074e5a882593940
b3_res_conv1 k7        96       96      7      44032       96      48      0.03531     80.437     13.78   0x2a8becf4ec69d4a4
b3_res_conv2 k1        96       96      1      44032       96      48      0.00810     50.103     13.89   0xafc3da9787cb83fb
conv_out     k7        96        1      7      44032        1       1      0.00135     21.965     11.81   0xfdf323edf66d795d
TOTAL(one of each)                                                           0.28881
RC=0
--- probe len=86 round=12 arm=C
# vt::Conv1d decomposition probe (#1334) -- threads=14 latents=86 repeats=2
# VLLM_CPP_CPU_THREADS=14  pool.NThreads()=14
geom                in_ch   out_ch      k    out_len     rows  chunks       wall_s     GMAC/s user/wall          fingerprint
dec_in_proj  k1        64     1024      1         86     1024      54      0.00023     24.203     10.16   0xbbb314e38729539e
conv_in      k7      1024     1536      7         86     1536      55      0.01662     56.962     13.74   0x669f2cb14fba1dac
b0_res_conv1 k7       768      768      7        688      768      55      0.04066     69.855     13.75   0xe094d45bb8bfe581
b0_res_conv2 k1       768      768      1        688      768      55      0.00770     52.704     13.45   0x665924b1b8a65823
b1_res_conv1 k7       384      384      7       5504      384      55      0.07082     80.219     13.85   0xa93bd4f43d9ea8f2
b1_res_conv2 k1       384      384      1       5504      384      55      0.01723     47.108     13.22   0xbf95bb47292e9a7f
b2_res_conv1 k7       192      192      7      22016      192      48      0.06928     82.004     13.87   0x364125dddde32752
b2_res_conv2 k1       192      192      1      22016      192      48      0.01736     46.742     13.73   0x1074e5a882593940
b3_res_conv1 k7        96       96      7      44032       96      48      0.03563     79.727     13.71   0x2a8becf4ec69d4a4
b3_res_conv2 k1        96       96      1      44032       96      48      0.00828     49.009     13.73   0xafc3da9787cb83fb
conv_out     k7        96        1      7      44032        1       1      0.00084     35.232     14.83   0xfdf323edf66d795d
TOTAL(one of each)                                                           0.28466
RC=0
--- probe len=86 round=13 arm=C
# vt::Conv1d decomposition probe (#1334) -- threads=14 latents=86 repeats=2
# VLLM_CPP_CPU_THREADS=14  pool.NThreads()=14
geom                in_ch   out_ch      k    out_len     rows  chunks       wall_s     GMAC/s user/wall          fingerprint
dec_in_proj  k1        64     1024      1         86     1024      54      0.00018     32.043     11.29   0xbbb314e38729539e
conv_in      k7      1024     1536      7         86     1536      55      0.01614     58.677     13.81   0x669f2cb14fba1dac
b0_res_conv1 k7       768      768      7        688      768      55      0.04055     70.059     13.83   0xe094d45bb8bfe581
b0_res_conv2 k1       768      768      1        688      768      55      0.00904     44.891     13.78   0x665924b1b8a65823
b1_res_conv1 k7       384      384      7       5504      384      55      0.07077     80.272     13.91   0xa93bd4f43d9ea8f2
b1_res_conv2 k1       384      384      1       5504      384      55      0.01705     47.592     13.58   0xbf95bb47292e9a7f
b2_res_conv1 k7       192      192      7      22016      192      48      0.07041     80.691     13.86   0x364125dddde32752
b2_res_conv2 k1       192      192      1      22016      192      48      0.01817     44.679     13.80   0x1074e5a882593940
b3_res_conv1 k7        96       96      7      44032       96      48      0.03518     80.744     13.83   0x2a8becf4ec69d4a4
b3_res_conv2 k1        96       96      1      44032       96      48      0.00909     44.646     13.78   0xafc3da9787cb83fb
conv_out     k7        96        1      7      44032        1       1      0.00055     53.340     12.92   0xfdf323edf66d795d
TOTAL(one of each)                                                           0.28712
RC=0
--- probe len=86 round=13 arm=D
# vt::Conv1d decomposition probe (#1334) -- threads=14 latents=86 repeats=2
# VLLM_CPP_CPU_THREADS=14  pool.NThreads()=14
geom                in_ch   out_ch      k    out_len     rows  chunks       wall_s     GMAC/s user/wall          fingerprint
dec_in_proj  k1        64     1024      1         86     1024      54      0.00018     31.976     12.22   0xbbb314e38729539e
conv_in      k7      1024     1536      7         86     1536      55      0.01585     59.727     13.76   0x669f2cb14fba1dac
b0_res_conv1 k7       768      768      7        688      768      55      0.03736     76.036     13.95   0xe094d45bb8bfe581
b0_res_conv2 k1       768      768      1        688      768      55      0.01130     35.896     13.67   0x665924b1b8a65823
b1_res_conv1 k7       384      384      7       5504      384      55      0.07087     80.166     13.91   0xa93bd4f43d9ea8f2
b1_res_conv2 k1       384      384      1       5504      384      55      0.01774     45.742     13.70   0xbf95bb47292e9a7f
b2_res_conv1 k7       192      192      7      22016      192      48      0.07216     78.734     13.74   0x364125dddde32752
b2_res_conv2 k1       192      192      1      22016      192      48      0.01755     46.244     13.85   0x1074e5a882593940
b3_res_conv1 k7        96       96      7      44032       96      48      0.03505     81.053     13.81   0x2a8becf4ec69d4a4
b3_res_conv2 k1        96       96      1      44032       96      48      0.00898     45.174     13.68   0xafc3da9787cb83fb
conv_out     k7        96        1      7      44032        1       1      0.00067     44.378     13.89   0xfdf323edf66d795d
TOTAL(one of each)                                                           0.28771
RC=0
--- probe len=86 round=13 arm=D2
# vt::Conv1d decomposition probe (#1334) -- threads=14 latents=86 repeats=2
# VLLM_CPP_CPU_THREADS=14  pool.NThreads()=14
geom                in_ch   out_ch      k    out_len     rows  chunks       wall_s     GMAC/s user/wall          fingerprint
dec_in_proj  k1        64     1024      1         86     1024      54      0.00014     40.724     15.17   0xbbb314e38729539e
conv_in      k7      1024     1536      7         86     1536      55      0.01584     59.758     13.91   0x669f2cb14fba1dac
b0_res_conv1 k7       768      768      7        688      768      55      0.03771     75.320     13.90   0xe094d45bb8bfe581
b0_res_conv2 k1       768      768      1        688      768      55      0.01096     37.017     13.86   0x665924b1b8a65823
b1_res_conv1 k7       384      384      7       5504      384      55      0.07035     80.756     13.93   0xa93bd4f43d9ea8f2
b1_res_conv2 k1       384      384      1       5504      384      55      0.01555     52.187     13.94   0xbf95bb47292e9a7f
b2_res_conv1 k7       192      192      7      22016      192      48      0.06957     81.663     13.86   0x364125dddde32752
b2_res_conv2 k1       192      192      1      22016      192      48      0.01729     46.954     13.80   0x1074e5a882593940
b3_res_conv1 k7        96       96      7      44032       96      48      0.03476     81.731     13.91   0x2a8becf4ec69d4a4
b3_res_conv2 k1        96       96      1      44032       96      48      0.00830     48.891     13.84   0xafc3da9787cb83fb
conv_out     k7        96        1      7      44032        1       1      0.00063     47.102     13.91   0xfdf323edf66d795d
TOTAL(one of each)                                                           0.28110
RC=0
--- probe len=86 round=14 arm=D2
# vt::Conv1d decomposition probe (#1334) -- threads=14 latents=86 repeats=2
# VLLM_CPP_CPU_THREADS=14  pool.NThreads()=14
geom                in_ch   out_ch      k    out_len     rows  chunks       wall_s     GMAC/s user/wall          fingerprint
dec_in_proj  k1        64     1024      1         86     1024      54      0.00018     31.688      8.09   0xbbb314e38729539e
conv_in      k7      1024     1536      7         86     1536      55      0.01711     55.350     12.44   0x669f2cb14fba1dac
b0_res_conv1 k7       768      768      7        688      768      55      0.03777     75.199     13.84   0xe094d45bb8bfe581
b0_res_conv2 k1       768      768      1        688      768      55      0.01125     36.079     14.22   0x665924b1b8a65823
b1_res_conv1 k7       384      384      7       5504      384      55      0.07131     79.663     13.83   0xa93bd4f43d9ea8f2
b1_res_conv2 k1       384      384      1       5504      384      55      0.01624     49.983     13.65   0xbf95bb47292e9a7f
b2_res_conv1 k7       192      192      7      22016      192      48      0.06978     81.421     13.87   0x364125dddde32752
b2_res_conv2 k1       192      192      1      22016      192      48      0.01826     44.436     13.76   0x1074e5a882593940
b3_res_conv1 k7        96       96      7      44032       96      48      0.03456     82.184     13.91   0x2a8becf4ec69d4a4
b3_res_conv2 k1        96       96      1      44032       96      48      0.00860     47.199     13.77   0xafc3da9787cb83fb
conv_out     k7        96        1      7      44032        1       1      0.00059     50.257     13.59   0xfdf323edf66d795d
TOTAL(one of each)                                                           0.28565
RC=0
--- probe len=86 round=14 arm=D
# vt::Conv1d decomposition probe (#1334) -- threads=14 latents=86 repeats=2
# VLLM_CPP_CPU_THREADS=14  pool.NThreads()=14
geom                in_ch   out_ch      k    out_len     rows  chunks       wall_s     GMAC/s user/wall          fingerprint
dec_in_proj  k1        64     1024      1         86     1024      54      0.00018     31.485      8.08   0xbbb314e38729539e
conv_in      k7      1024     1536      7         86     1536      55      0.01588     59.619     13.73   0x669f2cb14fba1dac
b0_res_conv1 k7       768      768      7        688      768      55      0.03729     76.172     13.87   0xe094d45bb8bfe581
b0_res_conv2 k1       768      768      1        688      768      55      0.01109     36.595     13.66   0x665924b1b8a65823
b1_res_conv1 k7       384      384      7       5504      384      55      0.07145     79.518     13.85   0xa93bd4f43d9ea8f2
b1_res_conv2 k1       384      384      1       5504      384      55      0.01735     46.777     13.63   0xbf95bb47292e9a7f
b2_res_conv1 k7       192      192      7      22016      192      48      0.06901     82.325     13.89   0x364125dddde32752
b2_res_conv2 k1       192      192      1      22016      192      48      0.01853     43.793     13.71   0x1074e5a882593940
b3_res_conv1 k7        96       96      7      44032       96      48      0.03453     82.261     13.84   0x2a8becf4ec69d4a4
b3_res_conv2 k1        96       96      1      44032       96      48      0.00856     47.380     13.58   0xafc3da9787cb83fb
conv_out     k7        96        1      7      44032        1       1      0.00057     51.532     13.22   0xfdf323edf66d795d
TOTAL(one of each)                                                           0.28445
RC=0
--- probe len=86 round=14 arm=C
# vt::Conv1d decomposition probe (#1334) -- threads=14 latents=86 repeats=2
# VLLM_CPP_CPU_THREADS=14  pool.NThreads()=14
geom                in_ch   out_ch      k    out_len     rows  chunks       wall_s     GMAC/s user/wall          fingerprint
dec_in_proj  k1        64     1024      1         86     1024      54      0.00021     26.839     17.37   0xbbb314e38729539e
conv_in      k7      1024     1536      7         86     1536      55      0.01623     58.332     13.84   0x669f2cb14fba1dac
b0_res_conv1 k7       768      768      7        688      768      55      0.04093     69.406     13.76   0xe094d45bb8bfe581
b0_res_conv2 k1       768      768      1        688      768      55      0.00966     41.992     13.84   0x665924b1b8a65823
b1_res_conv1 k7       384      384      7       5504      384      55      0.07099     80.030     13.87   0xa93bd4f43d9ea8f2
b1_res_conv2 k1       384      384      1       5504      384      55      0.01652     49.117     13.83   0xbf95bb47292e9a7f
b2_res_conv1 k7       192      192      7      22016      192      48      0.06899     82.347     13.91   0x364125dddde32752
b2_res_conv2 k1       192      192      1      22016      192      48      0.01800     45.092     13.69   0x1074e5a882593940
b3_res_conv1 k7        96       96      7      44032       96      48      0.03433     82.746     13.89   0x2a8becf4ec69d4a4
b3_res_conv2 k1        96       96      1      44032       96      48      0.00818     49.613     13.94   0xafc3da9787cb83fb
conv_out     k7        96        1      7      44032        1       1      0.00091     32.566     14.11   0xfdf323edf66d795d
TOTAL(one of each)                                                           0.28495
RC=0
--- probe len=86 round=15 arm=C
# vt::Conv1d decomposition probe (#1334) -- threads=14 latents=86 repeats=2
# VLLM_CPP_CPU_THREADS=14  pool.NThreads()=14
geom                in_ch   out_ch      k    out_len     rows  chunks       wall_s     GMAC/s user/wall          fingerprint
dec_in_proj  k1        64     1024      1         86     1024      54      0.00018     31.996      8.17   0xbbb314e38729539e
conv_in      k7      1024     1536      7         86     1536      55      0.01866     50.754     12.80   0x669f2cb14fba1dac
b0_res_conv1 k7       768      768      7        688      768      55      0.04209     67.493     12.72   0xe094d45bb8bfe581
b0_res_conv2 k1       768      768      1        688      768      55      0.01205     33.689     12.67   0x665924b1b8a65823
b1_res_conv1 k7       384      384      7       5504      384      55      0.09267     61.306     12.70   0xa93bd4f43d9ea8f2
b1_res_conv2 k1       384      384      1       5504      384      55      0.02195     36.974     12.30   0xbf95bb47292e9a7f
b2_res_conv1 k7       192      192      7      22016      192      48      0.07009     81.057     13.85   0x364125dddde32752
b2_res_conv2 k1       192      192      1      22016      192      48      0.01787     45.418     13.89   0x1074e5a882593940
b3_res_conv1 k7        96       96      7      44032       96      48      0.03609     78.699     13.68   0x2a8becf4ec69d4a4
b3_res_conv2 k1        96       96      1      44032       96      48      0.00833     48.741     13.58   0xafc3da9787cb83fb
conv_out     k7        96        1      7      44032        1       1      0.00059     50.389     13.96   0xfdf323edf66d795d
TOTAL(one of each)                                                           0.32055
RC=0
--- probe len=86 round=15 arm=D
# vt::Conv1d decomposition probe (#1334) -- threads=14 latents=86 repeats=2
# VLLM_CPP_CPU_THREADS=14  pool.NThreads()=14
geom                in_ch   out_ch      k    out_len     rows  chunks       wall_s     GMAC/s user/wall          fingerprint
dec_in_proj  k1        64     1024      1         86     1024      54      0.00023     24.507     11.91   0xbbb314e38729539e
conv_in      k7      1024     1536      7         86     1536      55      0.01627     58.191     13.89   0x669f2cb14fba1dac
b0_res_conv1 k7       768      768      7        688      768      55      0.03919     72.474     13.79   0xe094d45bb8bfe581
b0_res_conv2 k1       768      768      1        688      768      55      0.01133     35.814     13.86   0x665924b1b8a65823
b1_res_conv1 k7       384      384      7       5504      384      55      0.07042     80.677     13.92   0xa93bd4f43d9ea8f2
b1_res_conv2 k1       384      384      1       5504      384      55      0.01660     48.886     13.83   0xbf95bb47292e9a7f
b2_res_conv1 k7       192      192      7      22016      192      48      0.06982     81.366     13.92   0x364125dddde32752
b2_res_conv2 k1       192      192      1      22016      192      48      0.01947     41.693     13.26   0x1074e5a882593940
b3_res_conv1 k7        96       96      7      44032       96      48      0.03655     77.728     13.76   0x2a8becf4ec69d4a4
b3_res_conv2 k1        96       96      1      44032       96      48      0.00889     45.638     13.83   0xafc3da9787cb83fb
conv_out     k7        96        1      7      44032        1       1      0.00058     50.902     13.94   0xfdf323edf66d795d
TOTAL(one of each)                                                           0.28935
RC=0
--- probe len=86 round=15 arm=D2
# vt::Conv1d decomposition probe (#1334) -- threads=14 latents=86 repeats=2
# VLLM_CPP_CPU_THREADS=14  pool.NThreads()=14
geom                in_ch   out_ch      k    out_len     rows  chunks       wall_s     GMAC/s user/wall          fingerprint
dec_in_proj  k1        64     1024      1         86     1024      54      0.00017     32.478     14.24   0xbbb314e38729539e
conv_in      k7      1024     1536      7         86     1536      55      0.01571     60.256     13.85   0x669f2cb14fba1dac
b0_res_conv1 k7       768      768      7        688      768      55      0.03772     75.315     13.79   0xe094d45bb8bfe581
b0_res_conv2 k1       768      768      1        688      768      55      0.01186     34.212     13.71   0x665924b1b8a65823
b1_res_conv1 k7       384      384      7       5504      384      55      0.07092     80.111     13.89   0xa93bd4f43d9ea8f2
b1_res_conv2 k1       384      384      1       5504      384      55      0.01686     48.150     13.76   0xbf95bb47292e9a7f
b2_res_conv1 k7       192      192      7      22016      192      48      0.07011     81.036     13.86   0x364125dddde32752
b2_res_conv2 k1       192      192      1      22016      192      48      0.01674     48.484     13.85   0x1074e5a882593940
b3_res_conv1 k7        96       96      7      44032       96      48      0.03762     75.509     13.40   0x2a8becf4ec69d4a4
b3_res_conv2 k1        96       96      1      44032       96      48      0.00834     48.659     14.10   0xafc3da9787cb83fb
conv_out     k7        96        1      7      44032        1       1      0.00076     39.021     14.62   0xfdf323edf66d795d
TOTAL(one of each)                                                           0.28680
RC=0
--- probe len=86 round=16 arm=D2
# vt::Conv1d decomposition probe (#1334) -- threads=14 latents=86 repeats=2
# VLLM_CPP_CPU_THREADS=14  pool.NThreads()=14
geom                in_ch   out_ch      k    out_len     rows  chunks       wall_s     GMAC/s user/wall          fingerprint
dec_in_proj  k1        64     1024      1         86     1024      54      0.00017     32.364     12.75   0xbbb314e38729539e
conv_in      k7      1024     1536      7         86     1536      55      0.01614     58.666     13.68   0x669f2cb14fba1dac
b0_res_conv1 k7       768      768      7        688      768      55      0.03750     75.742     13.80   0xe094d45bb8bfe581
b0_res_conv2 k1       768      768      1        688      768      55      0.01117     36.326     13.61   0x665924b1b8a65823
b1_res_conv1 k7       384      384      7       5504      384      55      0.07152     79.440     13.90   0xa93bd4f43d9ea8f2
b1_res_conv2 k1       384      384      1       5504      384      55      0.01669     48.632     13.67   0xbf95bb47292e9a7f
b2_res_conv1 k7       192      192      7      22016      192      48      0.06896     82.380     13.90   0x364125dddde32752
b2_res_conv2 k1       192      192      1      22016      192      48      0.01856     43.738     13.77   0x1074e5a882593940
b3_res_conv1 k7        96       96      7      44032       96      48      0.03610     78.683     13.67   0x2a8becf4ec69d4a4
b3_res_conv2 k1        96       96      1      44032       96      48      0.00857     47.358     13.72   0xafc3da9787cb83fb
conv_out     k7        96        1      7      44032        1       1      0.00094     31.359     13.30   0xfdf323edf66d795d
TOTAL(one of each)                                                           0.28633
RC=0
--- probe len=86 round=16 arm=D
# vt::Conv1d decomposition probe (#1334) -- threads=14 latents=86 repeats=2
# VLLM_CPP_CPU_THREADS=14  pool.NThreads()=14
geom                in_ch   out_ch      k    out_len     rows  chunks       wall_s     GMAC/s user/wall          fingerprint
dec_in_proj  k1        64     1024      1         86     1024      54      0.00018     32.035     10.25   0xbbb314e38729539e
conv_in      k7      1024     1536      7         86     1536      55      0.01629     58.143     13.82   0x669f2cb14fba1dac
b0_res_conv1 k7       768      768      7        688      768      55      0.03794     74.861     13.90   0xe094d45bb8bfe581
b0_res_conv2 k1       768      768      1        688      768      55      0.01104     36.759     13.77   0x665924b1b8a65823
b1_res_conv1 k7       384      384      7       5504      384      55      0.07085     80.188     13.74   0xa93bd4f43d9ea8f2
b1_res_conv2 k1       384      384      1       5504      384      55      0.01545     52.547     13.88   0xbf95bb47292e9a7f
b2_res_conv1 k7       192      192      7      22016      192      48      0.06926     82.029     13.81   0x364125dddde32752
b2_res_conv2 k1       192      192      1      22016      192      48      0.01787     45.411     13.86   0x1074e5a882593940
b3_res_conv1 k7        96       96      7      44032       96      48      0.03483     81.566     13.82   0x2a8becf4ec69d4a4
b3_res_conv2 k1        96       96      1      44032       96      48      0.00959     42.302     13.34   0xafc3da9787cb83fb
conv_out     k7        96        1      7      44032        1       1      0.00085     34.827     14.23   0xfdf323edf66d795d
TOTAL(one of each)                                                           0.28414
RC=0
--- probe len=86 round=16 arm=C
# vt::Conv1d decomposition probe (#1334) -- threads=14 latents=86 repeats=2
# VLLM_CPP_CPU_THREADS=14  pool.NThreads()=14
geom                in_ch   out_ch      k    out_len     rows  chunks       wall_s     GMAC/s user/wall          fingerprint
dec_in_proj  k1        64     1024      1         86     1024      54      0.00016     34.627     11.92   0xbbb314e38729539e
conv_in      k7      1024     1536      7         86     1536      55      0.02043     46.349     13.85   0x669f2cb14fba1dac
b0_res_conv1 k7       768      768      7        688      768      55      0.04080     69.626     13.81   0xe094d45bb8bfe581
b0_res_conv2 k1       768      768      1        688      768      55      0.00955     42.495     14.00   0x665924b1b8a65823
b1_res_conv1 k7       384      384      7       5504      384      55      0.07138     79.595     13.83   0xa93bd4f43d9ea8f2
b1_res_conv2 k1       384      384      1       5504      384      55      0.01686     48.145     13.86   0xbf95bb47292e9a7f
b2_res_conv1 k7       192      192      7      22016      192      48      0.06970     81.509     13.89   0x364125dddde32752
b2_res_conv2 k1       192      192      1      22016      192      48      0.01761     46.076     13.74   0x1074e5a882593940
b3_res_conv1 k7        96       96      7      44032       96      48      0.03538     80.285     13.85   0x2a8becf4ec69d4a4
b3_res_conv2 k1        96       96      1      44032       96      48      0.00847     47.890     13.80   0xafc3da9787cb83fb
conv_out     k7        96        1      7      44032        1       1      0.00058     50.583     13.80   0xfdf323edf66d795d
TOTAL(one of each)                                                           0.29093
RC=0
--- probe len=86 round=17 arm=C
# vt::Conv1d decomposition probe (#1334) -- threads=14 latents=86 repeats=2
# VLLM_CPP_CPU_THREADS=14  pool.NThreads()=14
geom                in_ch   out_ch      k    out_len     rows  chunks       wall_s     GMAC/s user/wall          fingerprint
dec_in_proj  k1        64     1024      1         86     1024      54      0.00018     32.099     10.27   0xbbb314e38729539e
conv_in      k7      1024     1536      7         86     1536      55      0.01592     59.469     13.78   0x669f2cb14fba1dac
b0_res_conv1 k7       768      768      7        688      768      55      0.03990     71.189     13.86   0xe094d45bb8bfe581
b0_res_conv2 k1       768      768      1        688      768      55      0.00884     45.887     13.78   0x665924b1b8a65823
b1_res_conv1 k7       384      384      7       5504      384      55      0.07097     80.049     13.88   0xa93bd4f43d9ea8f2
b1_res_conv2 k1       384      384      1       5504      384      55      0.01667     48.691     13.98   0xbf95bb47292e9a7f
b2_res_conv1 k7       192      192      7      22016      192      48      0.06981     81.386     13.83   0x364125dddde32752
b2_res_conv2 k1       192      192      1      22016      192      48      0.01757     46.190     13.85   0x1074e5a882593940
b3_res_conv1 k7        96       96      7      44032       96      48      0.03451     82.314     13.82   0x2a8becf4ec69d4a4
b3_res_conv2 k1        96       96      1      44032       96      48      0.00862     47.100     13.53   0xafc3da9787cb83fb
conv_out     k7        96        1      7      44032        1       1      0.00081     36.512     13.84   0xfdf323edf66d795d
TOTAL(one of each)                                                           0.28379
RC=0
--- probe len=86 round=17 arm=D
# vt::Conv1d decomposition probe (#1334) -- threads=14 latents=86 repeats=2
# VLLM_CPP_CPU_THREADS=14  pool.NThreads()=14
geom                in_ch   out_ch      k    out_len     rows  chunks       wall_s     GMAC/s user/wall          fingerprint
dec_in_proj  k1        64     1024      1         86     1024      54      0.00018     31.948      8.10   0xbbb314e38729539e
conv_in      k7      1024     1536      7         86     1536      55      0.01608     58.867     13.90   0x669f2cb14fba1dac
b0_res_conv1 k7       768      768      7        688      768      55      0.03830     74.177     13.85   0xe094d45bb8bfe581
b0_res_conv2 k1       768      768      1        688      768      55      0.01124     36.104     13.40   0x665924b1b8a65823
b1_res_conv1 k7       384      384      7       5504      384      55      0.07035     80.752     13.92   0xa93bd4f43d9ea8f2
b1_res_conv2 k1       384      384      1       5504      384      55      0.01674     48.484     13.73   0xbf95bb47292e9a7f
b2_res_conv1 k7       192      192      7      22016      192      48      0.07291     77.925     13.82   0x364125dddde32752
b2_res_conv2 k1       192      192      1      22016      192      48      0.01830     44.349     13.83   0x1074e5a882593940
b3_res_conv1 k7        96       96      7      44032       96      48      0.03469     81.874     13.79   0x2a8becf4ec69d4a4
b3_res_conv2 k1        96       96      1      44032       96      48      0.00843     48.114     13.54   0xafc3da9787cb83fb
conv_out     k7        96        1      7      44032        1       1      0.00050     58.957     13.13   0xfdf323edf66d795d
TOTAL(one of each)                                                           0.28773
RC=0
--- probe len=86 round=17 arm=D2
# vt::Conv1d decomposition probe (#1334) -- threads=14 latents=86 repeats=2
# VLLM_CPP_CPU_THREADS=14  pool.NThreads()=14
geom                in_ch   out_ch      k    out_len     rows  chunks       wall_s     GMAC/s user/wall          fingerprint
dec_in_proj  k1        64     1024      1         86     1024      54      0.00014     41.686      8.71   0xbbb314e38729539e
conv_in      k7      1024     1536      7         86     1536      55      0.01679     56.391     13.69   0x669f2cb14fba1dac
b0_res_conv1 k7       768      768      7        688      768      55      0.03902     72.792     13.79   0xe094d45bb8bfe581
b0_res_conv2 k1       768      768      1        688      768      55      0.01123     36.134     13.97   0x665924b1b8a65823
b1_res_conv1 k7       384      384      7       5504      384      55      0.07072     80.333     13.88   0xa93bd4f43d9ea8f2
b1_res_conv2 k1       384      384      1       5504      384      55      0.01652     49.133     13.87   0xbf95bb47292e9a7f
b2_res_conv1 k7       192      192      7      22016      192      48      0.06970     81.508     13.83   0x364125dddde32752
b2_res_conv2 k1       192      192      1      22016      192      48      0.01824     44.490     13.87   0x1074e5a882593940
b3_res_conv1 k7        96       96      7      44032       96      48      0.03541     80.214     13.82   0x2a8becf4ec69d4a4
b3_res_conv2 k1        96       96      1      44032       96      48      0.00885     45.834     13.78   0xafc3da9787cb83fb
conv_out     k7        96        1      7      44032        1       1      0.00056     53.062     13.08   0xfdf323edf66d795d
TOTAL(one of each)                                                           0.28719
RC=0
--- probe len=86 round=18 arm=D2
# vt::Conv1d decomposition probe (#1334) -- threads=14 latents=86 repeats=2
# VLLM_CPP_CPU_THREADS=14  pool.NThreads()=14
geom                in_ch   out_ch      k    out_len     rows  chunks       wall_s     GMAC/s user/wall          fingerprint
dec_in_proj  k1        64     1024      1         86     1024      54      0.00018     31.655     13.40   0xbbb314e38729539e
conv_in      k7      1024     1536      7         86     1536      55      0.01564     60.551     13.88   0x669f2cb14fba1dac
b0_res_conv1 k7       768      768      7        688      768      55      0.03741     75.932     13.81   0xe094d45bb8bfe581
b0_res_conv2 k1       768      768      1        688      768      55      0.01157     35.073     13.72   0x665924b1b8a65823
b1_res_conv1 k7       384      384      7       5504      384      55      0.07114     79.863     13.85   0xa93bd4f43d9ea8f2
b1_res_conv2 k1       384      384      1       5504      384      55      0.01651     49.145     13.72   0xbf95bb47292e9a7f
b2_res_conv1 k7       192      192      7      22016      192      48      0.06974     81.468     13.71   0x364125dddde32752
b2_res_conv2 k1       192      192      1      22016      192      48      0.01848     43.918     13.59   0x1074e5a882593940
b3_res_conv1 k7        96       96      7      44032       96      48      0.03456     82.194     13.79   0x2a8becf4ec69d4a4
b3_res_conv2 k1        96       96      1      44032       96      48      0.00827     49.088     13.78   0xafc3da9787cb83fb
conv_out     k7        96        1      7      44032        1       1      0.00056     53.280     14.46   0xfdf323edf66d795d
TOTAL(one of each)                                                           0.28404
RC=0
--- probe len=86 round=18 arm=D
# vt::Conv1d decomposition probe (#1334) -- threads=14 latents=86 repeats=2
# VLLM_CPP_CPU_THREADS=14  pool.NThreads()=14
geom                in_ch   out_ch      k    out_len     rows  chunks       wall_s     GMAC/s user/wall          fingerprint
dec_in_proj  k1        64     1024      1         86     1024      54      0.00018     32.032     10.20   0xbbb314e38729539e
conv_in      k7      1024     1536      7         86     1536      55      0.01626     58.241     13.86   0x669f2cb14fba1dac
b0_res_conv1 k7       768      768      7        688      768      55      0.03983     71.319     13.52   0xe094d45bb8bfe581
b0_res_conv2 k1       768      768      1        688      768      55      0.01133     35.802     13.93   0x665924b1b8a65823
b1_res_conv1 k7       384      384      7       5504      384      55      0.07098     80.034     13.88   0xa93bd4f43d9ea8f2
b1_res_conv2 k1       384      384      1       5504      384      55      0.02097     38.697     12.68   0xbf95bb47292e9a7f
b2_res_conv1 k7       192      192      7      22016      192      48      0.09972     56.973     12.50   0x364125dddde32752
b2_res_conv2 k1       192      192      1      22016      192      48      0.02310     35.139     11.90   0x1074e5a882593940
b3_res_conv1 k7        96       96      7      44032       96      48      0.04495     63.189     12.80   0x2a8becf4ec69d4a4
b3_res_conv2 k1        96       96      1      44032       96      48      0.01122     36.170     12.77   0xafc3da9787cb83fb
conv_out     k7        96        1      7      44032        1       1      0.00059     50.350     15.34   0xfdf323edf66d795d
TOTAL(one of each)                                                           0.33913
RC=0
--- probe len=86 round=18 arm=C
# vt::Conv1d decomposition probe (#1334) -- threads=14 latents=86 repeats=2
# VLLM_CPP_CPU_THREADS=14  pool.NThreads()=14
geom                in_ch   out_ch      k    out_len     rows  chunks       wall_s     GMAC/s user/wall          fingerprint
dec_in_proj  k1        64     1024      1         86     1024      54      0.00014     40.623     11.34   0xbbb314e38729539e
conv_in      k7      1024     1536      7         86     1536      55      0.01574     60.144     13.92   0x669f2cb14fba1dac
b0_res_conv1 k7       768      768      7        688      768      55      0.04035     70.408     13.81   0xe094d45bb8bfe581
b0_res_conv2 k1       768      768      1        688      768      55      0.00899     45.155     13.96   0x665924b1b8a65823
b1_res_conv1 k7       384      384      7       5504      384      55      0.07122     79.774     13.88   0xa93bd4f43d9ea8f2
b1_res_conv2 k1       384      384      1       5504      384      55      0.01704     47.618     14.09   0xbf95bb47292e9a7f
b2_res_conv1 k7       192      192      7      22016      192      48      0.06852     82.914     13.91   0x364125dddde32752
b2_res_conv2 k1       192      192      1      22016      192      48      0.01746     46.481     13.73   0x1074e5a882593940
b3_res_conv1 k7        96       96      7      44032       96      48      0.03560     79.802     13.86   0x2a8becf4ec69d4a4
b3_res_conv2 k1        96       96      1      44032       96      48      0.00839     48.370     13.43   0xafc3da9787cb83fb
conv_out     k7        96        1      7      44032        1       1      0.00061     48.399     14.08   0xfdf323edf66d795d
TOTAL(one of each)                                                           0.28405
RC=0
--- probe len=86 round=19 arm=C
# vt::Conv1d decomposition probe (#1334) -- threads=14 latents=86 repeats=2
# VLLM_CPP_CPU_THREADS=14  pool.NThreads()=14
geom                in_ch   out_ch      k    out_len     rows  chunks       wall_s     GMAC/s user/wall          fingerprint
dec_in_proj  k1        64     1024      1         86     1024      54      0.00016     35.909     12.24   0xbbb314e38729539e
conv_in      k7      1024     1536      7         86     1536      55      0.01918     49.379     13.66   0x669f2cb14fba1dac
b0_res_conv1 k7       768      768      7        688      768      55      0.04112     69.075     13.59   0xe094d45bb8bfe581
b0_res_conv2 k1       768      768      1        688      768      55      0.00913     44.428     13.75   0x665924b1b8a65823
b1_res_conv1 k7       384      384      7       5504      384      55      0.07042     80.672     13.88   0xa93bd4f43d9ea8f2
b1_res_conv2 k1       384      384      1       5504      384      55      0.01622     50.045     13.70   0xbf95bb47292e9a7f
b2_res_conv1 k7       192      192      7      22016      192      48      0.06880     82.578     13.87   0x364125dddde32752
b2_res_conv2 k1       192      192      1      22016      192      48      0.01666     48.719     13.67   0x1074e5a882593940
b3_res_conv1 k7        96       96      7      44032       96      48      0.03458     82.141     13.87   0x2a8becf4ec69d4a4
b3_res_conv2 k1        96       96      1      44032       96      48      0.00843     48.121     13.89   0xafc3da9787cb83fb
conv_out     k7        96        1      7      44032        1       1      0.00062     47.734     12.85   0xfdf323edf66d795d
TOTAL(one of each)                                                           0.28532
RC=0
--- probe len=86 round=19 arm=D
# vt::Conv1d decomposition probe (#1334) -- threads=14 latents=86 repeats=2
# VLLM_CPP_CPU_THREADS=14  pool.NThreads()=14
geom                in_ch   out_ch      k    out_len     rows  chunks       wall_s     GMAC/s user/wall          fingerprint
dec_in_proj  k1        64     1024      1         86     1024      54      0.00018     31.978     10.19   0xbbb314e38729539e
conv_in      k7      1024     1536      7         86     1536      55      0.01658     57.096     13.91   0x669f2cb14fba1dac
b0_res_conv1 k7       768      768      7        688      768      55      0.03804     74.668     13.75   0xe094d45bb8bfe581
b0_res_conv2 k1       768      768      1        688      768      55      0.01131     35.878     13.89   0x665924b1b8a65823
b1_res_conv1 k7       384      384      7       5504      384      55      0.07053     80.553     13.90   0xa93bd4f43d9ea8f2
b1_res_conv2 k1       384      384      1       5504      384      55      0.01637     49.582     13.87   0xbf95bb47292e9a7f
b2_res_conv1 k7       192      192      7      22016      192      48      0.06895     82.393     13.92   0x364125dddde32752
b2_res_conv2 k1       192      192      1      22016      192      48      0.01732     46.862     13.80   0x1074e5a882593940
b3_res_conv1 k7        96       96      7      44032       96      48      0.04090     69.456     13.41   0x2a8becf4ec69d4a4
b3_res_conv2 k1        96       96      1      44032       96      48      0.00840     48.283     13.70   0xafc3da9787cb83fb
conv_out     k7        96        1      7      44032        1       1      0.00051     58.329     12.91   0xfdf323edf66d795d
TOTAL(one of each)                                                           0.28909
RC=0
--- probe len=86 round=19 arm=D2
# vt::Conv1d decomposition probe (#1334) -- threads=14 latents=86 repeats=2
# VLLM_CPP_CPU_THREADS=14  pool.NThreads()=14
geom                in_ch   out_ch      k    out_len     rows  chunks       wall_s     GMAC/s user/wall          fingerprint
dec_in_proj  k1        64     1024      1         86     1024      54      0.00018     31.420      6.09   0xbbb314e38729539e
conv_in      k7      1024     1536      7         86     1536      55      0.01631     58.040     13.92   0x669f2cb14fba1dac
b0_res_conv1 k7       768      768      7        688      768      55      0.03742     75.910     13.87   0xe094d45bb8bfe581
b0_res_conv2 k1       768      768      1        688      768      55      0.01139     35.626     13.84   0x665924b1b8a65823
b1_res_conv1 k7       384      384      7       5504      384      55      0.07071     80.349     13.91   0xa93bd4f43d9ea8f2
b1_res_conv2 k1       384      384      1       5504      384      55      0.01685     48.159     13.83   0xbf95bb47292e9a7f
b2_res_conv1 k7       192      192      7      22016      192      48      0.06900     82.340     13.91   0x364125dddde32752
b2_res_conv2 k1       192      192      1      22016      192      48      0.01733     46.823     13.89   0x1074e5a882593940
b3_res_conv1 k7        96       96      7      44032       96      48      0.03454     82.247     13.82   0x2a8becf4ec69d4a4
b3_res_conv2 k1        96       96      1      44032       96      48      0.00962     42.170     13.68   0xafc3da9787cb83fb
conv_out     k7        96        1      7      44032        1       1      0.00067     43.884     13.23   0xfdf323edf66d795d
TOTAL(one of each)                                                           0.28403
RC=0
--- probe len=86 round=20 arm=D2
# vt::Conv1d decomposition probe (#1334) -- threads=14 latents=86 repeats=2
# VLLM_CPP_CPU_THREADS=14  pool.NThreads()=14
geom                in_ch   out_ch      k    out_len     rows  chunks       wall_s     GMAC/s user/wall          fingerprint
dec_in_proj  k1        64     1024      1         86     1024      54      0.00018     31.922      8.10   0xbbb314e38729539e
conv_in      k7      1024     1536      7         86     1536      55      0.01591     59.498     13.91   0x669f2cb14fba1dac
b0_res_conv1 k7       768      768      7        688      768      55      0.03736     76.043     13.87   0xe094d45bb8bfe581
b0_res_conv2 k1       768      768      1        688      768      55      0.01117     36.336     13.69   0x665924b1b8a65823
b1_res_conv1 k7       384      384      7       5504      384      55      0.07167     79.268     13.86   0xa93bd4f43d9ea8f2
b1_res_conv2 k1       384      384      1       5504      384      55      0.01640     49.484     13.94   0xbf95bb47292e9a7f
b2_res_conv1 k7       192      192      7      22016      192      48      0.06892     82.428     13.87   0x364125dddde32752
b2_res_conv2 k1       192      192      1      22016      192      48      0.01724     47.079     13.84   0x1074e5a882593940
b3_res_conv1 k7        96       96      7      44032       96      48      0.03422     83.017     13.86   0x2a8becf4ec69d4a4
b3_res_conv2 k1        96       96      1      44032       96      48      0.00804     50.495     13.31   0xafc3da9787cb83fb
conv_out     k7        96        1      7      44032        1       1      0.00058     50.774     13.24   0xfdf323edf66d795d
TOTAL(one of each)                                                           0.28168
RC=0
--- probe len=86 round=20 arm=D
# vt::Conv1d decomposition probe (#1334) -- threads=14 latents=86 repeats=2
# VLLM_CPP_CPU_THREADS=14  pool.NThreads()=14
geom                in_ch   out_ch      k    out_len     rows  chunks       wall_s     GMAC/s user/wall          fingerprint
dec_in_proj  k1        64     1024      1         86     1024      54      0.00018     31.736      8.11   0xbbb314e38729539e
conv_in      k7      1024     1536      7         86     1536      55      0.01577     60.024     13.94   0x669f2cb14fba1dac
b0_res_conv1 k7       768      768      7        688      768      55      0.03745     75.844     13.85   0xe094d45bb8bfe581
b0_res_conv2 k1       768      768      1        688      768      55      0.01123     36.139     14.03   0x665924b1b8a65823
b1_res_conv1 k7       384      384      7       5504      384      55      0.07155     79.403     13.82   0xa93bd4f43d9ea8f2
b1_res_conv2 k1       384      384      1       5504      384      55      0.01705     47.608     13.83   0xbf95bb47292e9a7f
b2_res_conv1 k7       192      192      7      22016      192      48      0.06939     81.877     13.87   0x364125dddde32752
b2_res_conv2 k1       192      192      1      22016      192      48      0.01756     46.229     13.88   0x1074e5a882593940
b3_res_conv1 k7        96       96      7      44032       96      48      0.03451     82.314     13.77   0x2a8becf4ec69d4a4
b3_res_conv2 k1        96       96      1      44032       96      48      0.00841     48.261     13.71   0xafc3da9787cb83fb
conv_out     k7        96        1      7      44032        1       1      0.00058     50.957     12.96   0xfdf323edf66d795d
TOTAL(one of each)                                                           0.28367
RC=0
--- probe len=86 round=20 arm=C
# vt::Conv1d decomposition probe (#1334) -- threads=14 latents=86 repeats=2
# VLLM_CPP_CPU_THREADS=14  pool.NThreads()=14
geom                in_ch   out_ch      k    out_len     rows  chunks       wall_s     GMAC/s user/wall          fingerprint
dec_in_proj  k1        64     1024      1         86     1024      54      0.00017     32.264     12.03   0xbbb314e38729539e
conv_in      k7      1024     1536      7         86     1536      55      0.01587     59.654     13.90   0x669f2cb14fba1dac
b0_res_conv1 k7       768      768      7        688      768      55      0.04076     69.686     13.83   0xe094d45bb8bfe581
b0_res_conv2 k1       768      768      1        688      768      55      0.00891     45.522     13.85   0x665924b1b8a65823
b1_res_conv1 k7       384      384      7       5504      384      55      0.07053     80.546     13.94   0xa93bd4f43d9ea8f2
b1_res_conv2 k1       384      384      1       5504      384      55      0.01653     49.106     13.80   0xbf95bb47292e9a7f
b2_res_conv1 k7       192      192      7      22016      192      48      0.07035     80.758     13.80   0x364125dddde32752
b2_res_conv2 k1       192      192      1      22016      192      48      0.01722     47.121     13.83   0x1074e5a882593940
b3_res_conv1 k7        96       96      7      44032       96      48      0.03486     81.477     13.90   0x2a8becf4ec69d4a4
b3_res_conv2 k1        96       96      1      44032       96      48      0.00835     48.572     13.82   0xafc3da9787cb83fb
conv_out     k7        96        1      7      44032        1       1      0.00059     50.148     14.56   0xfdf323edf66d795d
TOTAL(one of each)                                                           0.28417
RC=0
--- probe len=86 round=21 arm=C
# vt::Conv1d decomposition probe (#1334) -- threads=14 latents=86 repeats=2
# VLLM_CPP_CPU_THREADS=14  pool.NThreads()=14
geom                in_ch   out_ch      k    out_len     rows  chunks       wall_s     GMAC/s user/wall          fingerprint
dec_in_proj  k1        64     1024      1         86     1024      54      0.00017     32.258     12.16   0xbbb314e38729539e
conv_in      k7      1024     1536      7         86     1536      55      0.01754     53.977     13.86   0x669f2cb14fba1dac
b0_res_conv1 k7       768      768      7        688      768      55      0.04059     69.988     13.81   0xe094d45bb8bfe581
b0_res_conv2 k1       768      768      1        688      768      55      0.00913     44.451     13.88   0x665924b1b8a65823
b1_res_conv1 k7       384      384      7       5504      384      55      0.07056     80.513     13.85   0xa93bd4f43d9ea8f2
b1_res_conv2 k1       384      384      1       5504      384      55      0.01653     49.108     13.81   0xbf95bb47292e9a7f
b2_res_conv1 k7       192      192      7      22016      192      48      0.07047     80.621     13.78   0x364125dddde32752
b2_res_conv2 k1       192      192      1      22016      192      48      0.01734     46.800     13.80   0x1074e5a882593940
b3_res_conv1 k7        96       96      7      44032       96      48      0.03569     79.587     13.71   0x2a8becf4ec69d4a4
b3_res_conv2 k1        96       96      1      44032       96      48      0.00919     44.140     13.76   0xafc3da9787cb83fb
conv_out     k7        96        1      7      44032        1       1      0.00058     50.959     14.14   0xfdf323edf66d795d
TOTAL(one of each)                                                           0.28780
RC=0
--- probe len=86 round=21 arm=D
# vt::Conv1d decomposition probe (#1334) -- threads=14 latents=86 repeats=2
# VLLM_CPP_CPU_THREADS=14  pool.NThreads()=14
geom                in_ch   out_ch      k    out_len     rows  chunks       wall_s     GMAC/s user/wall          fingerprint
dec_in_proj  k1        64     1024      1         86     1024      54      0.00013     42.332     11.45   0xbbb314e38729539e
conv_in      k7      1024     1536      7         86     1536      55      0.01582     59.838     13.93   0x669f2cb14fba1dac
b0_res_conv1 k7       768      768      7        688      768      55      0.03727     76.214     13.91   0xe094d45bb8bfe581
b0_res_conv2 k1       768      768      1        688      768      55      0.01128     35.972     13.60   0x665924b1b8a65823
b1_res_conv1 k7       384      384      7       5504      384      55      0.07113     79.876     13.89   0xa93bd4f43d9ea8f2
b1_res_conv2 k1       384      384      1       5504      384      55      0.01655     49.031     13.67   0xbf95bb47292e9a7f
b2_res_conv1 k7       192      192      7      22016      192      48      0.07114     79.863     13.76   0x364125dddde32752
b2_res_conv2 k1       192      192      1      22016      192      48      0.01733     46.821     13.85   0x1074e5a882593940
b3_res_conv1 k7        96       96      7      44032       96      48      0.03532     80.425     13.79   0x2a8becf4ec69d4a4
b3_res_conv2 k1        96       96      1      44032       96      48      0.00792     51.221     14.18   0xafc3da9787cb83fb
conv_out     k7        96        1      7      44032        1       1      0.00054     54.661     13.16   0xfdf323edf66d795d
TOTAL(one of each)                                                           0.28444
RC=0
--- probe len=86 round=21 arm=D2
# vt::Conv1d decomposition probe (#1334) -- threads=14 latents=86 repeats=2
# VLLM_CPP_CPU_THREADS=14  pool.NThreads()=14
geom                in_ch   out_ch      k    out_len     rows  chunks       wall_s     GMAC/s user/wall          fingerprint
dec_in_proj  k1        64     1024      1         86     1024      54      0.00018     32.023     11.22   0xbbb314e38729539e
conv_in      k7      1024     1536      7         86     1536      55      0.01668     56.765     13.83   0x669f2cb14fba1dac
b0_res_conv1 k7       768      768      7        688      768      55      0.03869     73.421     13.73   0xe094d45bb8bfe581
b0_res_conv2 k1       768      768      1        688      768      55      0.01211     33.507     13.73   0x665924b1b8a65823
b1_res_conv1 k7       384      384      7       5504      384      55      0.07083     80.210     13.89   0xa93bd4f43d9ea8f2
b1_res_conv2 k1       384      384      1       5504      384      55      0.01649     49.221     13.77   0xbf95bb47292e9a7f
b2_res_conv1 k7       192      192      7      22016      192      48      0.07151     79.443     13.73   0x364125dddde32752
b2_res_conv2 k1       192      192      1      22016      192      48      0.01759     46.143     13.76   0x1074e5a882593940
b3_res_conv1 k7        96       96      7      44032       96      48      0.04190     67.800     13.52   0x2a8becf4ec69d4a4
b3_res_conv2 k1        96       96      1      44032       96      48      0.01445     28.079     12.57   0xafc3da9787cb83fb
conv_out     k7        96        1      7      44032        1       1      0.00130     22.695     12.79   0xfdf323edf66d795d
TOTAL(one of each)                                                           0.30173
RC=0
--- probe len=86 round=22 arm=D2
# vt::Conv1d decomposition probe (#1334) -- threads=14 latents=86 repeats=2
# VLLM_CPP_CPU_THREADS=14  pool.NThreads()=14
geom                in_ch   out_ch      k    out_len     rows  chunks       wall_s     GMAC/s user/wall          fingerprint
dec_in_proj  k1        64     1024      1         86     1024      54      0.00017     32.264     12.12   0xbbb314e38729539e
conv_in      k7      1024     1536      7         86     1536      55      0.01671     56.679     12.73   0x669f2cb14fba1dac
b0_res_conv1 k7       768      768      7        688      768      55      0.04194     67.733     13.25   0xe094d45bb8bfe581
b0_res_conv2 k1       768      768      1        688      768      55      0.01550     26.183     12.65   0x665924b1b8a65823
b1_res_conv1 k7       384      384      7       5504      384      55      0.07167     79.263     13.50   0xa93bd4f43d9ea8f2
b1_res_conv2 k1       384      384      1       5504      384      55      0.01676     48.418     13.83   0xbf95bb47292e9a7f
b2_res_conv1 k7       192      192      7      22016      192      48      0.06998     81.180     13.81   0x364125dddde32752
b2_res_conv2 k1       192      192      1      22016      192      48      0.01738     46.685     13.88   0x1074e5a882593940
b3_res_conv1 k7        96       96      7      44032       96      48      0.03463     82.029     13.89   0x2a8becf4ec69d4a4
b3_res_conv2 k1        96       96      1      44032       96      48      0.00849     47.787     13.68   0xafc3da9787cb83fb
conv_out     k7        96        1      7      44032        1       1      0.00051     57.560     11.50   0xfdf323edf66d795d
TOTAL(one of each)                                                           0.29376
RC=0
--- probe len=86 round=22 arm=D
# vt::Conv1d decomposition probe (#1334) -- threads=14 latents=86 repeats=2
# VLLM_CPP_CPU_THREADS=14  pool.NThreads()=14
geom                in_ch   out_ch      k    out_len     rows  chunks       wall_s     GMAC/s user/wall          fingerprint
dec_in_proj  k1        64     1024      1         86     1024      54      0.00018     32.165     12.15   0xbbb314e38729539e
conv_in      k7      1024     1536      7         86     1536      55      0.01593     59.426     13.68   0x669f2cb14fba1dac
b0_res_conv1 k7       768      768      7        688      768      55      0.03750     75.756     13.88   0xe094d45bb8bfe581
b0_res_conv2 k1       768      768      1        688      768      55      0.01125     36.061     13.87   0x665924b1b8a65823
b1_res_conv1 k7       384      384      7       5504      384      55      0.07109     79.912     13.91   0xa93bd4f43d9ea8f2
b1_res_conv2 k1       384      384      1       5504      384      55      0.01656     49.011     13.91   0xbf95bb47292e9a7f
b2_res_conv1 k7       192      192      7      22016      192      48      0.07019     80.939     13.79   0x364125dddde32752
b2_res_conv2 k1       192      192      1      22016      192      48      0.01730     46.914     13.84   0x1074e5a882593940
b3_res_conv1 k7        96       96      7      44032       96      48      0.03446     82.440     13.83   0x2a8becf4ec69d4a4
b3_res_conv2 k1        96       96      1      44032       96      48      0.00813     49.896     13.78   0xafc3da9787cb83fb
conv_out     k7        96        1      7      44032        1       1      0.00060     49.248     13.05   0xfdf323edf66d795d
TOTAL(one of each)                                                           0.28319
RC=0
--- probe len=86 round=22 arm=C
# vt::Conv1d decomposition probe (#1334) -- threads=14 latents=86 repeats=2
# VLLM_CPP_CPU_THREADS=14  pool.NThreads()=14
geom                in_ch   out_ch      k    out_len     rows  chunks       wall_s     GMAC/s user/wall          fingerprint
dec_in_proj  k1        64     1024      1         86     1024      54      0.00017     32.343     13.23   0xbbb314e38729539e
conv_in      k7      1024     1536      7         86     1536      55      0.01602     59.092     14.00   0x669f2cb14fba1dac
b0_res_conv1 k7       768      768      7        688      768      55      0.04033     70.432     13.88   0xe094d45bb8bfe581
b0_res_conv2 k1       768      768      1        688      768      55      0.00933     43.490     13.75   0x665924b1b8a65823
b1_res_conv1 k7       384      384      7       5504      384      55      0.07100     80.018     13.88   0xa93bd4f43d9ea8f2
b1_res_conv2 k1       384      384      1       5504      384      55      0.01726     47.034     14.02   0xbf95bb47292e9a7f
b2_res_conv1 k7       192      192      7      22016      192      48      0.06919     82.104     13.83   0x364125dddde32752
b2_res_conv2 k1       192      192      1      22016      192      48      0.02006     40.466     13.50   0x1074e5a882593940
b3_res_conv1 k7        96       96      7      44032       96      48      0.03408     83.357     13.83   0x2a8becf4ec69d4a4
b3_res_conv2 k1        96       96      1      44032       96      48      0.00894     45.375     13.71   0xafc3da9787cb83fb
conv_out     k7        96        1      7      44032        1       1      0.00060     49.093     14.05   0xfdf323edf66d795d
TOTAL(one of each)                                                           0.28699
RC=0
--- probe len=86 round=23 arm=C
# vt::Conv1d decomposition probe (#1334) -- threads=14 latents=86 repeats=2
# VLLM_CPP_CPU_THREADS=14  pool.NThreads()=14
geom                in_ch   out_ch      k    out_len     rows  chunks       wall_s     GMAC/s user/wall          fingerprint
dec_in_proj  k1        64     1024      1         86     1024      54      0.00018     31.703     10.10   0xbbb314e38729539e
conv_in      k7      1024     1536      7         86     1536      55      0.01598     59.265     13.78   0x669f2cb14fba1dac
b0_res_conv1 k7       768      768      7        688      768      55      0.04114     69.053     13.82   0xe094d45bb8bfe581
b0_res_conv2 k1       768      768      1        688      768      55      0.00936     43.373     13.76   0x665924b1b8a65823
b1_res_conv1 k7       384      384      7       5504      384      55      0.07180     79.122     13.77   0xa93bd4f43d9ea8f2
b1_res_conv2 k1       384      384      1       5504      384      55      0.01663     48.811     13.85   0xbf95bb47292e9a7f
b2_res_conv1 k7       192      192      7      22016      192      48      0.06940     81.864     13.83   0x364125dddde32752
b2_res_conv2 k1       192      192      1      22016      192      48      0.01781     45.561     13.76   0x1074e5a882593940
b3_res_conv1 k7        96       96      7      44032       96      48      0.03478     81.671     13.83   0x2a8becf4ec69d4a4
b3_res_conv2 k1        96       96      1      44032       96      48      0.00862     47.056     13.83   0xafc3da9787cb83fb
conv_out     k7        96        1      7      44032        1       1      0.00086     34.505     14.22   0xfdf323edf66d795d
TOTAL(one of each)                                                           0.28655
RC=0
--- probe len=86 round=23 arm=D
# vt::Conv1d decomposition probe (#1334) -- threads=14 latents=86 repeats=2
# VLLM_CPP_CPU_THREADS=14  pool.NThreads()=14
geom                in_ch   out_ch      k    out_len     rows  chunks       wall_s     GMAC/s user/wall          fingerprint
dec_in_proj  k1        64     1024      1         86     1024      54      0.00017     33.388     14.57   0xbbb314e38729539e
conv_in      k7      1024     1536      7         86     1536      55      0.01608     58.866     13.92   0x669f2cb14fba1dac
b0_res_conv1 k7       768      768      7        688      768      55      0.03837     74.041     13.80   0xe094d45bb8bfe581
b0_res_conv2 k1       768      768      1        688      768      55      0.01124     36.092     13.77   0x665924b1b8a65823
b1_res_conv1 k7       384      384      7       5504      384      55      0.07229     78.586     13.80   0xa93bd4f43d9ea8f2
b1_res_conv2 k1       384      384      1       5504      384      55      0.01658     48.950     13.82   0xbf95bb47292e9a7f
b2_res_conv1 k7       192      192      7      22016      192      48      0.06922     82.076     13.79   0x364125dddde32752
b2_res_conv2 k1       192      192      1      22016      192      48      0.01786     45.440     14.02   0x1074e5a882593940
b3_res_conv1 k7        96       96      7      44032       96      48      0.03781     75.120     13.52   0x2a8becf4ec69d4a4
b3_res_conv2 k1        96       96      1      44032       96      48      0.00935     43.392     13.78   0xafc3da9787cb83fb
conv_out     k7        96        1      7      44032        1       1      0.00059     49.861     14.96   0xfdf323edf66d795d
TOTAL(one of each)                                                           0.28957
RC=0
--- probe len=86 round=23 arm=D2
# vt::Conv1d decomposition probe (#1334) -- threads=14 latents=86 repeats=2
# VLLM_CPP_CPU_THREADS=14  pool.NThreads()=14
geom                in_ch   out_ch      k    out_len     rows  chunks       wall_s     GMAC/s user/wall          fingerprint
dec_in_proj  k1        64     1024      1         86     1024      54      0.00020     28.275     15.32   0xbbb314e38729539e
conv_in      k7      1024     1536      7         86     1536      55      0.01605     58.999     13.80   0x669f2cb14fba1dac
b0_res_conv1 k7       768      768      7        688      768      55      0.03743     75.885     13.88   0xe094d45bb8bfe581
b0_res_conv2 k1       768      768      1        688      768      55      0.01113     36.472     14.07   0x665924b1b8a65823
b1_res_conv1 k7       384      384      7       5504      384      55      0.07039     80.708     13.86   0xa93bd4f43d9ea8f2
b1_res_conv2 k1       384      384      1       5504      384      55      0.01735     46.777     13.69   0xbf95bb47292e9a7f
b2_res_conv1 k7       192      192      7      22016      192      48      0.06975     81.448     13.84   0x364125dddde32752
b2_res_conv2 k1       192      192      1      22016      192      48      0.01802     45.035     13.74   0x1074e5a882593940
b3_res_conv1 k7        96       96      7      44032       96      48      0.03517     80.779     13.80   0x2a8becf4ec69d4a4
b3_res_conv2 k1        96       96      1      44032       96      48      0.00885     45.845     13.79   0xafc3da9787cb83fb
conv_out     k7        96        1      7      44032        1       1      0.00056     52.879     13.19   0xfdf323edf66d795d
TOTAL(one of each)                                                           0.28490
RC=0
--- probe len=86 round=24 arm=D2
# vt::Conv1d decomposition probe (#1334) -- threads=14 latents=86 repeats=2
# VLLM_CPP_CPU_THREADS=14  pool.NThreads()=14
geom                in_ch   out_ch      k    out_len     rows  chunks       wall_s     GMAC/s user/wall          fingerprint
dec_in_proj  k1        64     1024      1         86     1024      54      0.00014     41.048     13.34   0xbbb314e38729539e
conv_in      k7      1024     1536      7         86     1536      55      0.01584     59.777     14.11   0x669f2cb14fba1dac
b0_res_conv1 k7       768      768      7        688      768      55      0.03817     74.419     13.98   0xe094d45bb8bfe581
b0_res_conv2 k1       768      768      1        688      768      55      0.01116     36.350     13.40   0x665924b1b8a65823
b1_res_conv1 k7       384      384      7       5504      384      55      0.07116     79.835     13.83   0xa93bd4f43d9ea8f2
b1_res_conv2 k1       384      384      1       5504      384      55      0.01683     48.237     13.82   0xbf95bb47292e9a7f
b2_res_conv1 k7       192      192      7      22016      192      48      0.06923     82.068     13.86   0x364125dddde32752
b2_res_conv2 k1       192      192      1      22016      192      48      0.01754     46.259     13.66   0x1074e5a882593940
b3_res_conv1 k7        96       96      7      44032       96      48      0.03459     82.112     13.85   0x2a8becf4ec69d4a4
b3_res_conv2 k1        96       96      1      44032       96      48      0.00876     46.324     13.64   0xafc3da9787cb83fb
conv_out     k7        96        1      7      44032        1       1      0.00090     32.947     15.36   0xfdf323edf66d795d
TOTAL(one of each)                                                           0.28432
RC=0
--- probe len=86 round=24 arm=D
# vt::Conv1d decomposition probe (#1334) -- threads=14 latents=86 repeats=2
# VLLM_CPP_CPU_THREADS=14  pool.NThreads()=14
geom                in_ch   out_ch      k    out_len     rows  chunks       wall_s     GMAC/s user/wall          fingerprint
dec_in_proj  k1        64     1024      1         86     1024      54      0.00017     34.154     14.87   0xbbb314e38729539e
conv_in      k7      1024     1536      7         86     1536      55      0.01605     59.003     14.09   0x669f2cb14fba1dac
b0_res_conv1 k7       768      768      7        688      768      55      0.03839     73.994     13.85   0xe094d45bb8bfe581
b0_res_conv2 k1       768      768      1        688      768      55      0.01130     35.923     13.82   0x665924b1b8a65823
b1_res_conv1 k7       384      384      7       5504      384      55      0.07076     80.289     13.84   0xa93bd4f43d9ea8f2
b1_res_conv2 k1       384      384      1       5504      384      55      0.01700     47.743     13.87   0xbf95bb47292e9a7f
b2_res_conv1 k7       192      192      7      22016      192      48      0.07070     80.355     13.78   0x364125dddde32752
b2_res_conv2 k1       192      192      1      22016      192      48      0.01742     46.593     13.80   0x1074e5a882593940
b3_res_conv1 k7        96       96      7      44032       96      48      0.03485     81.513     13.85   0x2a8becf4ec69d4a4
b3_res_conv2 k1        96       96      1      44032       96      48      0.00802     50.616     13.87   0xafc3da9787cb83fb
conv_out     k7        96        1      7      44032        1       1      0.00089     33.075     12.14   0xfdf323edf66d795d
TOTAL(one of each)                                                           0.28554
RC=0
--- probe len=86 round=24 arm=C
# vt::Conv1d decomposition probe (#1334) -- threads=14 latents=86 repeats=2
# VLLM_CPP_CPU_THREADS=14  pool.NThreads()=14
geom                in_ch   out_ch      k    out_len     rows  chunks       wall_s     GMAC/s user/wall          fingerprint
dec_in_proj  k1        64     1024      1         86     1024      54      0.00017     32.452     14.39   0xbbb314e38729539e
conv_in      k7      1024     1536      7         86     1536      55      0.01623     58.341     13.83   0x669f2cb14fba1dac
b0_res_conv1 k7       768      768      7        688      768      55      0.04107     69.172     13.69   0xe094d45bb8bfe581
b0_res_conv2 k1       768      768      1        688      768      55      0.00906     44.782     13.66   0x665924b1b8a65823
b1_res_conv1 k7       384      384      7       5504      384      55      0.07073     80.321     13.86   0xa93bd4f43d9ea8f2
b1_res_conv2 k1       384      384      1       5504      384      55      0.01685     48.174     13.83   0xbf95bb47292e9a7f
b2_res_conv1 k7       192      192      7      22016      192      48      0.06882     82.549     13.88   0x364125dddde32752
b2_res_conv2 k1       192      192      1      22016      192      48      0.01717     47.279     13.87   0x1074e5a882593940
b3_res_conv1 k7        96       96      7      44032       96      48      0.03480     81.628     13.76   0x2a8becf4ec69d4a4
b3_res_conv2 k1        96       96      1      44032       96      48      0.00813     49.918     13.82   0xafc3da9787cb83fb
conv_out     k7        96        1      7      44032        1       1      0.00055     53.474     13.48   0xfdf323edf66d795d
TOTAL(one of each)                                                           0.28358
RC=0
--- probe len=86 round=25 arm=C
# vt::Conv1d decomposition probe (#1334) -- threads=14 latents=86 repeats=2
# VLLM_CPP_CPU_THREADS=14  pool.NThreads()=14
geom                in_ch   out_ch      k    out_len     rows  chunks       wall_s     GMAC/s user/wall          fingerprint
dec_in_proj  k1        64     1024      1         86     1024      54      0.00014     40.902     10.94   0xbbb314e38729539e
conv_in      k7      1024     1536      7         86     1536      55      0.01775     53.358     13.48   0x669f2cb14fba1dac
b0_res_conv1 k7       768      768      7        688      768      55      0.04032     70.456     13.79   0xe094d45bb8bfe581
b0_res_conv2 k1       768      768      1        688      768      55      0.00902     44.972     13.88   0x665924b1b8a65823
b1_res_conv1 k7       384      384      7       5504      384      55      0.07094     80.081     13.85   0xa93bd4f43d9ea8f2
b1_res_conv2 k1       384      384      1       5504      384      55      0.01688     48.082     13.73   0xbf95bb47292e9a7f
b2_res_conv1 k7       192      192      7      22016      192      48      0.06931     81.972     13.86   0x364125dddde32752
b2_res_conv2 k1       192      192      1      22016      192      48      0.01892     42.886     13.76   0x1074e5a882593940
b3_res_conv1 k7        96       96      7      44032       96      48      0.03539     80.276     13.87   0x2a8becf4ec69d4a4
b3_res_conv2 k1        96       96      1      44032       96      48      0.00812     49.946     13.71   0xafc3da9787cb83fb
conv_out     k7        96        1      7      44032        1       1      0.00058     50.635     12.34   0xfdf323edf66d795d
TOTAL(one of each)                                                           0.28737
RC=0
--- probe len=86 round=25 arm=D
# vt::Conv1d decomposition probe (#1334) -- threads=14 latents=86 repeats=2
# VLLM_CPP_CPU_THREADS=14  pool.NThreads()=14
geom                in_ch   out_ch      k    out_len     rows  chunks       wall_s     GMAC/s user/wall          fingerprint
dec_in_proj  k1        64     1024      1         86     1024      54      0.00023     24.154     13.46   0xbbb314e38729539e
conv_in      k7      1024     1536      7         86     1536      55      0.01612     58.738     13.56   0x669f2cb14fba1dac
b0_res_conv1 k7       768      768      7        688      768      55      0.04092     69.421     13.36   0xe094d45bb8bfe581
b0_res_conv2 k1       768      768      1        688      768      55      0.01121     36.193     13.99   0x665924b1b8a65823
b1_res_conv1 k7       384      384      7       5504      384      55      0.08184     69.418     13.00   0xa93bd4f43d9ea8f2
b1_res_conv2 k1       384      384      1       5504      384      55      0.02174     37.328     12.94   0xbf95bb47292e9a7f
b2_res_conv1 k7       192      192      7      22016      192      48      0.08827     64.362     12.49   0x364125dddde32752
b2_res_conv2 k1       192      192      1      22016      192      48      0.02329     34.854     12.90   0x1074e5a882593940
b3_res_conv1 k7        96       96      7      44032       96      48      0.03724     76.275     13.61   0x2a8becf4ec69d4a4
b3_res_conv2 k1        96       96      1      44032       96      48      0.00919     44.141     13.88   0xafc3da9787cb83fb
conv_out     k7        96        1      7      44032        1       1      0.00054     55.193     12.91   0xfdf323edf66d795d
TOTAL(one of each)                                                           0.33059
RC=0
--- probe len=86 round=25 arm=D2
# vt::Conv1d decomposition probe (#1334) -- threads=14 latents=86 repeats=2
# VLLM_CPP_CPU_THREADS=14  pool.NThreads()=14
geom                in_ch   out_ch      k    out_len     rows  chunks       wall_s     GMAC/s user/wall          fingerprint
dec_in_proj  k1        64     1024      1         86     1024      54      0.00022     25.465      9.05   0xbbb314e38729539e
conv_in      k7      1024     1536      7         86     1536      55      0.01766     53.603     13.54   0x669f2cb14fba1dac
[heartbeat] 2026-08-23T13:53:42Z
b0_res_conv1 k7       768      768      7        688      768      55      0.03844     73.891     13.84   0xe094d45bb8bfe581
b0_res_conv2 k1       768      768      1        688      768      55      0.01114     36.434     13.51   0x665924b1b8a65823
b1_res_conv1 k7       384      384      7       5504      384      55      0.07166     79.279     13.74   0xa93bd4f43d9ea8f2
b1_res_conv2 k1       384      384      1       5504      384      55      0.01710     47.461     13.69   0xbf95bb47292e9a7f
b2_res_conv1 k7       192      192      7      22016      192      48      0.06918     82.122     13.89   0x364125dddde32752
b2_res_conv2 k1       192      192      1      22016      192      48      0.01904     42.627     13.62   0x1074e5a882593940
b3_res_conv1 k7        96       96      7      44032       96      48      0.03512     80.875     13.81   0x2a8becf4ec69d4a4
b3_res_conv2 k1        96       96      1      44032       96      48      0.00837     48.480     13.86   0xafc3da9787cb83fb
conv_out     k7        96        1      7      44032        1       1      0.00087     34.185     13.89   0xfdf323edf66d795d
TOTAL(one of each)                                                           0.28881
RC=0
--- probe len=86 round=26 arm=D2
# vt::Conv1d decomposition probe (#1334) -- threads=14 latents=86 repeats=2
# VLLM_CPP_CPU_THREADS=14  pool.NThreads()=14
geom                in_ch   out_ch      k    out_len     rows  chunks       wall_s     GMAC/s user/wall          fingerprint
dec_in_proj  k1        64     1024      1         86     1024      54      0.00015     37.730     10.93   0xbbb314e38729539e
conv_in      k7      1024     1536      7         86     1536      55      0.01611     58.791     13.72   0x669f2cb14fba1dac
b0_res_conv1 k7       768      768      7        688      768      55      0.03797     74.805     13.83   0xe094d45bb8bfe581
b0_res_conv2 k1       768      768      1        688      768      55      0.01349     30.086     13.01   0x665924b1b8a65823
b1_res_conv1 k7       384      384      7       5504      384      55      0.07073     80.322     13.92   0xa93bd4f43d9ea8f2
b1_res_conv2 k1       384      384      1       5504      384      55      0.01701     47.701     13.76   0xbf95bb47292e9a7f
b2_res_conv1 k7       192      192      7      22016      192      48      0.06946     81.792     13.86   0x364125dddde32752
b2_res_conv2 k1       192      192      1      22016      192      48      0.01829     44.366     13.81   0x1074e5a882593940
b3_res_conv1 k7        96       96      7      44032       96      48      0.03464     81.999     13.86   0x2a8becf4ec69d4a4
b3_res_conv2 k1        96       96      1      44032       96      48      0.00840     48.337     14.10   0xafc3da9787cb83fb
conv_out     k7        96        1      7      44032        1       1      0.00085     34.682     14.17   0xfdf323edf66d795d
TOTAL(one of each)                                                           0.28710
RC=0
--- probe len=86 round=26 arm=D
# vt::Conv1d decomposition probe (#1334) -- threads=14 latents=86 repeats=2
# VLLM_CPP_CPU_THREADS=14  pool.NThreads()=14
geom                in_ch   out_ch      k    out_len     rows  chunks       wall_s     GMAC/s user/wall          fingerprint
dec_in_proj  k1        64     1024      1         86     1024      54      0.00013     41.884      9.60   0xbbb314e38729539e
conv_in      k7      1024     1536      7         86     1536      55      0.01681     56.311     13.75   0x669f2cb14fba1dac
b0_res_conv1 k7       768      768      7        688      768      55      0.03976     71.440     13.49   0xe094d45bb8bfe581
b0_res_conv2 k1       768      768      1        688      768      55      0.01096     37.035     13.88   0x665924b1b8a65823
b1_res_conv1 k7       384      384      7       5504      384      55      0.07066     80.404     13.62   0xa93bd4f43d9ea8f2
b1_res_conv2 k1       384      384      1       5504      384      55      0.01649     49.219     13.79   0xbf95bb47292e9a7f
b2_res_conv1 k7       192      192      7      22016      192      48      0.06860     82.813     13.87   0x364125dddde32752
b2_res_conv2 k1       192      192      1      22016      192      48      0.01706     47.570     13.82   0x1074e5a882593940
b3_res_conv1 k7        96       96      7      44032       96      48      0.03557     79.869     13.67   0x2a8becf4ec69d4a4
b3_res_conv2 k1        96       96      1      44032       96      48      0.00895     45.319     13.56   0xafc3da9787cb83fb
conv_out     k7        96        1      7      44032        1       1      0.00078     37.954     13.00   0xfdf323edf66d795d
TOTAL(one of each)                                                           0.28578
RC=0
--- probe len=86 round=26 arm=C
# vt::Conv1d decomposition probe (#1334) -- threads=14 latents=86 repeats=2
# VLLM_CPP_CPU_THREADS=14  pool.NThreads()=14
geom                in_ch   out_ch      k    out_len     rows  chunks       wall_s     GMAC/s user/wall          fingerprint
dec_in_proj  k1        64     1024      1         86     1024      54      0.00018     32.054     10.17   0xbbb314e38729539e
conv_in      k7      1024     1536      7         86     1536      55      0.01613     58.701     13.77   0x669f2cb14fba1dac
b0_res_conv1 k7       768      768      7        688      768      55      0.04132     68.746     13.78   0xe094d45bb8bfe581
b0_res_conv2 k1       768      768      1        688      768      55      0.00912     44.510     13.39   0x665924b1b8a65823
b1_res_conv1 k7       384      384      7       5504      384      55      0.07046     80.626     13.88   0xa93bd4f43d9ea8f2
b1_res_conv2 k1       384      384      1       5504      384      55      0.01659     48.921     13.81   0xbf95bb47292e9a7f
b2_res_conv1 k7       192      192      7      22016      192      48      0.06891     82.445     13.86   0x364125dddde32752
b2_res_conv2 k1       192      192      1      22016      192      48      0.01862     43.591     14.04   0x1074e5a882593940
b3_res_conv1 k7        96       96      7      44032       96      48      0.03479     81.647     13.89   0x2a8becf4ec69d4a4
b3_res_conv2 k1        96       96      1      44032       96      48      0.01044     38.871     12.23   0xafc3da9787cb83fb
conv_out     k7        96        1      7      44032        1       1      0.00057     52.324     13.17   0xfdf323edf66d795d
TOTAL(one of each)                                                           0.28712
RC=0
--- probe len=86 round=27 arm=C
# vt::Conv1d decomposition probe (#1334) -- threads=14 latents=86 repeats=2
# VLLM_CPP_CPU_THREADS=14  pool.NThreads()=14
geom                in_ch   out_ch      k    out_len     rows  chunks       wall_s     GMAC/s user/wall          fingerprint
dec_in_proj  k1        64     1024      1         86     1024      54      0.00013     42.162     12.43   0xbbb314e38729539e
conv_in      k7      1024     1536      7         86     1536      55      0.01592     59.491     14.03   0x669f2cb14fba1dac
b0_res_conv1 k7       768      768      7        688      768      55      0.04028     70.526     13.78   0xe094d45bb8bfe581
b0_res_conv2 k1       768      768      1        688      768      55      0.00964     42.085     13.74   0x665924b1b8a65823
b1_res_conv1 k7       384      384      7       5504      384      55      0.07072     80.336     13.90   0xa93bd4f43d9ea8f2
b1_res_conv2 k1       384      384      1       5504      384      55      0.01636     49.599     13.79   0xbf95bb47292e9a7f
b2_res_conv1 k7       192      192      7      22016      192      48      0.06882     82.548     13.91   0x364125dddde32752
b2_res_conv2 k1       192      192      1      22016      192      48      0.01797     45.161     13.83   0x1074e5a882593940
b3_res_conv1 k7        96       96      7      44032       96      48      0.03442     82.539     13.83   0x2a8becf4ec69d4a4
b3_res_conv2 k1        96       96      1      44032       96      48      0.00845     48.018     13.51   0xafc3da9787cb83fb
conv_out     k7        96        1      7      44032        1       1      0.00092     32.106     12.87   0xfdf323edf66d795d
TOTAL(one of each)                                                           0.28363
RC=0
--- probe len=86 round=27 arm=D
# vt::Conv1d decomposition probe (#1334) -- threads=14 latents=86 repeats=2
# VLLM_CPP_CPU_THREADS=14  pool.NThreads()=14
geom                in_ch   out_ch      k    out_len     rows  chunks       wall_s     GMAC/s user/wall          fingerprint
dec_in_proj  k1        64     1024      1         86     1024      54      0.00018     32.147     12.33   0xbbb314e38729539e
conv_in      k7      1024     1536      7         86     1536      55      0.01638     57.795     13.76   0x669f2cb14fba1dac
b0_res_conv1 k7       768      768      7        688      768      55      0.04261     66.661     13.49   0xe094d45bb8bfe581
b0_res_conv2 k1       768      768      1        688      768      55      0.01122     36.166     13.70   0x665924b1b8a65823
b1_res_conv1 k7       384      384      7       5504      384      55      0.07224     78.640     13.84   0xa93bd4f43d9ea8f2
b1_res_conv2 k1       384      384      1       5504      384      55      0.01651     49.172     13.82   0xbf95bb47292e9a7f
b2_res_conv1 k7       192      192      7      22016      192      48      0.06932     81.956     13.89   0x364125dddde32752
b2_res_conv2 k1       192      192      1      22016      192      48      0.01770     45.848     13.85   0x1074e5a882593940
b3_res_conv1 k7        96       96      7      44032       96      48      0.03492     81.340     13.84   0x2a8becf4ec69d4a4
b3_res_conv2 k1        96       96      1      44032       96      48      0.00819     49.526     13.84   0xafc3da9787cb83fb
conv_out     k7        96        1      7      44032        1       1      0.00061     48.842     14.34   0xfdf323edf66d795d
TOTAL(one of each)                                                           0.28988
RC=0
--- probe len=86 round=27 arm=D2
# vt::Conv1d decomposition probe (#1334) -- threads=14 latents=86 repeats=2
# VLLM_CPP_CPU_THREADS=14  pool.NThreads()=14
geom                in_ch   out_ch      k    out_len     rows  chunks       wall_s     GMAC/s user/wall          fingerprint
dec_in_proj  k1        64     1024      1         86     1024      54      0.00014     41.369      7.03   0xbbb314e38729539e
conv_in      k7      1024     1536      7         86     1536      55      0.01592     59.459     13.91   0x669f2cb14fba1dac
b0_res_conv1 k7       768      768      7        688      768      55      0.03765     75.447     13.88   0xe094d45bb8bfe581
b0_res_conv2 k1       768      768      1        688      768      55      0.01118     36.291     13.72   0x665924b1b8a65823
b1_res_conv1 k7       384      384      7       5504      384      55      0.07165     79.293     13.68   0xa93bd4f43d9ea8f2
b1_res_conv2 k1       384      384      1       5504      384      55      0.01636     49.622     13.86   0xbf95bb47292e9a7f
b2_res_conv1 k7       192      192      7      22016      192      48      0.06907     82.249     13.84   0x364125dddde32752
b2_res_conv2 k1       192      192      1      22016      192      48      0.01842     44.063     13.63   0x1074e5a882593940
b3_res_conv1 k7        96       96      7      44032       96      48      0.03529     80.487     13.85   0x2a8becf4ec69d4a4
b3_res_conv2 k1        96       96      1      44032       96      48      0.00857     47.326     13.83   0xafc3da9787cb83fb
conv_out     k7        96        1      7      44032        1       1      0.00087     34.062     13.55   0xfdf323edf66d795d
TOTAL(one of each)                                                           0.28512
RC=0
--- probe len=86 round=28 arm=D2
# vt::Conv1d decomposition probe (#1334) -- threads=14 latents=86 repeats=2
# VLLM_CPP_CPU_THREADS=14  pool.NThreads()=14
geom                in_ch   out_ch      k    out_len     rows  chunks       wall_s     GMAC/s user/wall          fingerprint
dec_in_proj  k1        64     1024      1         86     1024      54      0.00016     35.640     12.16   0xbbb314e38729539e
conv_in      k7      1024     1536      7         86     1536      55      0.01667     56.811     13.68   0x669f2cb14fba1dac
b0_res_conv1 k7       768      768      7        688      768      55      0.03894     72.953     13.78   0xe094d45bb8bfe581
b0_res_conv2 k1       768      768      1        688      768      55      0.01134     35.793     14.10   0x665924b1b8a65823
b1_res_conv1 k7       384      384      7       5504      384      55      0.07163     79.315     13.88   0xa93bd4f43d9ea8f2
b1_res_conv2 k1       384      384      1       5504      384      55      0.01683     48.211     13.78   0xbf95bb47292e9a7f
b2_res_conv1 k7       192      192      7      22016      192      48      0.06950     81.738     13.91   0x364125dddde32752
b2_res_conv2 k1       192      192      1      22016      192      48      0.02429     33.414     11.82   0x1074e5a882593940
b3_res_conv1 k7        96       96      7      44032       96      48      0.03760     75.551     13.58   0x2a8becf4ec69d4a4
b3_res_conv2 k1        96       96      1      44032       96      48      0.00846     47.957     13.89   0xafc3da9787cb83fb
conv_out     k7        96        1      7      44032        1       1      0.00093     31.950     14.29   0xfdf323edf66d795d
TOTAL(one of each)                                                           0.29634
RC=0
--- probe len=86 round=28 arm=D
# vt::Conv1d decomposition probe (#1334) -- threads=14 latents=86 repeats=2
# VLLM_CPP_CPU_THREADS=14  pool.NThreads()=14
geom                in_ch   out_ch      k    out_len     rows  chunks       wall_s     GMAC/s user/wall          fingerprint
dec_in_proj  k1        64     1024      1         86     1024      54      0.00013     41.835     11.05   0xbbb314e38729539e
conv_in      k7      1024     1536      7         86     1536      55      0.01632     58.025     13.71   0x669f2cb14fba1dac
b0_res_conv1 k7       768      768      7        688      768      55      0.03727     76.215     13.85   0xe094d45bb8bfe581
b0_res_conv2 k1       768      768      1        688      768      55      0.01141     35.579     13.82   0x665924b1b8a65823
b1_res_conv1 k7       384      384      7       5504      384      55      0.07115     79.847     13.89   0xa93bd4f43d9ea8f2
b1_res_conv2 k1       384      384      1       5504      384      55      0.01698     47.789     13.74   0xbf95bb47292e9a7f
b2_res_conv1 k7       192      192      7      22016      192      48      0.06880     82.574     13.92   0x364125dddde32752
b2_res_conv2 k1       192      192      1      22016      192      48      0.01798     45.141     13.64   0x1074e5a882593940
b3_res_conv1 k7        96       96      7      44032       96      48      0.03458     82.155     13.91   0x2a8becf4ec69d4a4
b3_res_conv2 k1        96       96      1      44032       96      48      0.00832     48.799     13.65   0xafc3da9787cb83fb
conv_out     k7        96        1      7      44032        1       1      0.00085     35.013     14.29   0xfdf323edf66d795d
TOTAL(one of each)                                                           0.28378
RC=0
--- probe len=86 round=28 arm=C
# vt::Conv1d decomposition probe (#1334) -- threads=14 latents=86 repeats=2
# VLLM_CPP_CPU_THREADS=14  pool.NThreads()=14
geom                in_ch   out_ch      k    out_len     rows  chunks       wall_s     GMAC/s user/wall          fingerprint
dec_in_proj  k1        64     1024      1         86     1024      54      0.00013     41.945      8.20   0xbbb314e38729539e
conv_in      k7      1024     1536      7         86     1536      55      0.01669     56.741     13.31   0x669f2cb14fba1dac
b0_res_conv1 k7       768      768      7        688      768      55      0.04123     68.888     13.31   0xe094d45bb8bfe581
b0_res_conv2 k1       768      768      1        688      768      55      0.00763     53.205     13.47   0x665924b1b8a65823
b1_res_conv1 k7       384      384      7       5504      384      55      0.07080     80.238     13.93   0xa93bd4f43d9ea8f2
b1_res_conv2 k1       384      384      1       5504      384      55      0.01606     50.550     13.92   0xbf95bb47292e9a7f
b2_res_conv1 k7       192      192      7      22016      192      48      0.06921     82.086     13.78   0x364125dddde32752
b2_res_conv2 k1       192      192      1      22016      192      48      0.02181     37.212     12.83   0x1074e5a882593940
b3_res_conv1 k7        96       96      7      44032       96      48      0.04421     64.258     12.84   0x2a8becf4ec69d4a4
b3_res_conv2 k1        96       96      1      44032       96      48      0.01039     39.067     12.75   0xafc3da9787cb83fb
conv_out     k7        96        1      7      44032        1       1      0.00075     39.637     12.78   0xfdf323edf66d795d
TOTAL(one of each)                                                           0.29890
RC=0
--- probe len=86 round=29 arm=C
# vt::Conv1d decomposition probe (#1334) -- threads=14 latents=86 repeats=2
# VLLM_CPP_CPU_THREADS=14  pool.NThreads()=14
geom                in_ch   out_ch      k    out_len     rows  chunks       wall_s     GMAC/s user/wall          fingerprint
dec_in_proj  k1        64     1024      1         86     1024      54      0.00015     38.616     13.36   0xbbb314e38729539e
conv_in      k7      1024     1536      7         86     1536      55      0.01794     52.766     13.33   0x669f2cb14fba1dac
b0_res_conv1 k7       768      768      7        688      768      55      0.04426     64.176     12.77   0xe094d45bb8bfe581
b0_res_conv2 k1       768      768      1        688      768      55      0.00907     44.734     13.93   0x665924b1b8a65823
b1_res_conv1 k7       384      384      7       5504      384      55      0.07129     79.687     13.75   0xa93bd4f43d9ea8f2
b1_res_conv2 k1       384      384      1       5504      384      55      0.01720     47.189     13.66   0xbf95bb47292e9a7f
b2_res_conv1 k7       192      192      7      22016      192      48      0.06929     81.995     13.91   0x364125dddde32752
b2_res_conv2 k1       192      192      1      22016      192      48      0.01817     44.662     13.81   0x1074e5a882593940
b3_res_conv1 k7        96       96      7      44032       96      48      0.03468     81.906     13.82   0x2a8becf4ec69d4a4
b3_res_conv2 k1        96       96      1      44032       96      48      0.00871     46.564     13.73   0xafc3da9787cb83fb
conv_out     k7        96        1      7      44032        1       1      0.00055     53.732     13.23   0xfdf323edf66d795d
TOTAL(one of each)                                                           0.29132
RC=0
--- probe len=86 round=29 arm=D
# vt::Conv1d decomposition probe (#1334) -- threads=14 latents=86 repeats=2
# VLLM_CPP_CPU_THREADS=14  pool.NThreads()=14
geom                in_ch   out_ch      k    out_len     rows  chunks       wall_s     GMAC/s user/wall          fingerprint
dec_in_proj  k1        64     1024      1         86     1024      54      0.00018     31.863      6.09   0xbbb314e38729539e
conv_in      k7      1024     1536      7         86     1536      55      0.01592     59.480     13.91   0x669f2cb14fba1dac
b0_res_conv1 k7       768      768      7        688      768      55      0.03774     75.262     13.74   0xe094d45bb8bfe581
b0_res_conv2 k1       768      768      1        688      768      55      0.01115     36.387     13.94   0x665924b1b8a65823
b1_res_conv1 k7       384      384      7       5504      384      55      0.07048     80.608     13.90   0xa93bd4f43d9ea8f2
b1_res_conv2 k1       384      384      1       5504      384      55      0.01668     48.653     14.00   0xbf95bb47292e9a7f
b2_res_conv1 k7       192      192      7      22016      192      48      0.07092     80.105     13.80   0x364125dddde32752
b2_res_conv2 k1       192      192      1      22016      192      48      0.01784     45.489     14.00   0x1074e5a882593940
b3_res_conv1 k7        96       96      7      44032       96      48      0.03504     81.063     13.74   0x2a8becf4ec69d4a4
b3_res_conv2 k1        96       96      1      44032       96      48      0.00835     48.591     13.41   0xafc3da9787cb83fb
conv_out     k7        96        1      7      44032        1       1      0.00103     28.759     14.24   0xfdf323edf66d795d
TOTAL(one of each)                                                           0.28534
RC=0
--- probe len=86 round=29 arm=D2
# vt::Conv1d decomposition probe (#1334) -- threads=14 latents=86 repeats=2
# VLLM_CPP_CPU_THREADS=14  pool.NThreads()=14
geom                in_ch   out_ch      k    out_len     rows  chunks       wall_s     GMAC/s user/wall          fingerprint
dec_in_proj  k1        64     1024      1         86     1024      54      0.00020     27.747     20.56   0xbbb314e38729539e
conv_in      k7      1024     1536      7         86     1536      55      0.01598     59.261     13.67   0x669f2cb14fba1dac
b0_res_conv1 k7       768      768      7        688      768      55      0.03787     75.007     13.99   0xe094d45bb8bfe581
b0_res_conv2 k1       768      768      1        688      768      55      0.01111     36.513     13.68   0x665924b1b8a65823
b1_res_conv1 k7       384      384      7       5504      384      55      0.07083     80.206     13.84   0xa93bd4f43d9ea8f2
b1_res_conv2 k1       384      384      1       5504      384      55      0.01644     49.375     13.90   0xbf95bb47292e9a7f
b2_res_conv1 k7       192      192      7      22016      192      48      0.07068     80.377     13.78   0x364125dddde32752
b2_res_conv2 k1       192      192      1      22016      192      48      0.01799     45.114     13.65   0x1074e5a882593940
b3_res_conv1 k7        96       96      7      44032       96      48      0.03594     79.042     13.87   0x2a8becf4ec69d4a4
b3_res_conv2 k1        96       96      1      44032       96      48      0.00842     48.195     14.32   0xafc3da9787cb83fb
conv_out     k7        96        1      7      44032        1       1      0.00105     28.163     14.40   0xfdf323edf66d795d
TOTAL(one of each)                                                           0.28652
RC=0
--- probe len=86 round=30 arm=D2
# vt::Conv1d decomposition probe (#1334) -- threads=14 latents=86 repeats=2
# VLLM_CPP_CPU_THREADS=14  pool.NThreads()=14
geom                in_ch   out_ch      k    out_len     rows  chunks       wall_s     GMAC/s user/wall          fingerprint
dec_in_proj  k1        64     1024      1         86     1024      54      0.00022     25.339     14.69   0xbbb314e38729539e
conv_in      k7      1024     1536      7         86     1536      55      0.01629     58.108     13.88   0x669f2cb14fba1dac
b0_res_conv1 k7       768      768      7        688      768      55      0.03790     74.951     13.89   0xe094d45bb8bfe581
b0_res_conv2 k1       768      768      1        688      768      55      0.01111     36.530     13.96   0x665924b1b8a65823
b1_res_conv1 k7       384      384      7       5504      384      55      0.07158     79.371     13.79   0xa93bd4f43d9ea8f2
b1_res_conv2 k1       384      384      1       5504      384      55      0.01658     48.948     13.97   0xbf95bb47292e9a7f
b2_res_conv1 k7       192      192      7      22016      192      48      0.07072     80.328     13.85   0x364125dddde32752
b2_res_conv2 k1       192      192      1      22016      192      48      0.01757     46.192     13.76   0x1074e5a882593940
b3_res_conv1 k7        96       96      7      44032       96      48      0.03474     81.756     13.88   0x2a8becf4ec69d4a4
b3_res_conv2 k1        96       96      1      44032       96      48      0.00841     48.248     13.80   0xafc3da9787cb83fb
conv_out     k7        96        1      7      44032        1       1      0.00052     56.570     13.25   0xfdf323edf66d795d
TOTAL(one of each)                                                           0.28566
RC=0
--- probe len=86 round=30 arm=D
# vt::Conv1d decomposition probe (#1334) -- threads=14 latents=86 repeats=2
# VLLM_CPP_CPU_THREADS=14  pool.NThreads()=14
geom                in_ch   out_ch      k    out_len     rows  chunks       wall_s     GMAC/s user/wall          fingerprint
dec_in_proj  k1        64     1024      1         86     1024      54      0.00017     33.322     15.44   0xbbb314e38729539e
conv_in      k7      1024     1536      7         86     1536      55      0.01604     59.047     13.82   0x669f2cb14fba1dac
b0_res_conv1 k7       768      768      7        688      768      55      0.04079     69.634     13.77   0xe094d45bb8bfe581
b0_res_conv2 k1       768      768      1        688      768      55      0.01117     36.331     13.84   0x665924b1b8a65823
b1_res_conv1 k7       384      384      7       5504      384      55      0.07162     79.320     13.77   0xa93bd4f43d9ea8f2
b1_res_conv2 k1       384      384      1       5504      384      55      0.01738     46.703     13.73   0xbf95bb47292e9a7f
b2_res_conv1 k7       192      192      7      22016      192      48      0.06885     82.515     13.89   0x364125dddde32752
b2_res_conv2 k1       192      192      1      22016      192      48      0.01874     43.299     13.65   0x1074e5a882593940
b3_res_conv1 k7        96       96      7      44032       96      48      0.03454     82.229     13.89   0x2a8becf4ec69d4a4
b3_res_conv2 k1        96       96      1      44032       96      48      0.00909     44.644     13.59   0xafc3da9787cb83fb
conv_out     k7        96        1      7      44032        1       1      0.00084     35.402     15.39   0xfdf323edf66d795d
TOTAL(one of each)                                                           0.28923
RC=0
--- probe len=86 round=30 arm=C
# vt::Conv1d decomposition probe (#1334) -- threads=14 latents=86 repeats=2
# VLLM_CPP_CPU_THREADS=14  pool.NThreads()=14
geom                in_ch   out_ch      k    out_len     rows  chunks       wall_s     GMAC/s user/wall          fingerprint
dec_in_proj  k1        64     1024      1         86     1024      54      0.00017     33.219     14.83   0xbbb314e38729539e
conv_in      k7      1024     1536      7         86     1536      55      0.01896     49.930     13.96   0x669f2cb14fba1dac
b0_res_conv1 k7       768      768      7        688      768      55      0.04018     70.688     13.81   0xe094d45bb8bfe581
b0_res_conv2 k1       768      768      1        688      768      55      0.00908     44.675     13.61   0x665924b1b8a65823
b1_res_conv1 k7       384      384      7       5504      384      55      0.07130     79.684     13.83   0xa93bd4f43d9ea8f2
b1_res_conv2 k1       384      384      1       5504      384      55      0.01678     48.379     13.70   0xbf95bb47292e9a7f
b2_res_conv1 k7       192      192      7      22016      192      48      0.06928     82.008     13.91   0x364125dddde32752
b2_res_conv2 k1       192      192      1      22016      192      48      0.01739     46.659     13.88   0x1074e5a882593940
b3_res_conv1 k7        96       96      7      44032       96      48      0.03476     81.727     13.81   0x2a8becf4ec69d4a4
b3_res_conv2 k1        96       96      1      44032       96      48      0.00822     49.388     13.80   0xafc3da9787cb83fb
conv_out     k7        96        1      7      44032        1       1      0.00057     51.672     13.86   0xfdf323edf66d795d
TOTAL(one of each)                                                           0.28669
RC=0
--- probe len=86 round=31 arm=C
# vt::Conv1d decomposition probe (#1334) -- threads=14 latents=86 repeats=2
# VLLM_CPP_CPU_THREADS=14  pool.NThreads()=14
geom                in_ch   out_ch      k    out_len     rows  chunks       wall_s     GMAC/s user/wall          fingerprint
dec_in_proj  k1        64     1024      1         86     1024      54      0.00018     31.897     11.27   0xbbb314e38729539e
conv_in      k7      1024     1536      7         86     1536      55      0.01598     59.243     13.77   0x669f2cb14fba1dac
b0_res_conv1 k7       768      768      7        688      768      55      0.04008     70.876     13.87   0xe094d45bb8bfe581
b0_res_conv2 k1       768      768      1        688      768      55      0.00961     42.229     12.37   0x665924b1b8a65823
b1_res_conv1 k7       384      384      7       5504      384      55      0.07124     79.750     13.80   0xa93bd4f43d9ea8f2
b1_res_conv2 k1       384      384      1       5504      384      55      0.01665     48.745     13.73   0xbf95bb47292e9a7f
b2_res_conv1 k7       192      192      7      22016      192      48      0.07057     80.500     13.81   0x364125dddde32752
b2_res_conv2 k1       192      192      1      22016      192      48      0.01774     45.761     13.86   0x1074e5a882593940
b3_res_conv1 k7        96       96      7      44032       96      48      0.03551     80.004     13.80   0x2a8becf4ec69d4a4
b3_res_conv2 k1        96       96      1      44032       96      48      0.00777     52.252     13.88   0xafc3da9787cb83fb
conv_out     k7        96        1      7      44032        1       1      0.00163     18.182     11.88   0xfdf323edf66d795d
TOTAL(one of each)                                                           0.28694
RC=0
--- probe len=86 round=31 arm=D
# vt::Conv1d decomposition probe (#1334) -- threads=14 latents=86 repeats=2
# VLLM_CPP_CPU_THREADS=14  pool.NThreads()=14
geom                in_ch   out_ch      k    out_len     rows  chunks       wall_s     GMAC/s user/wall          fingerprint
dec_in_proj  k1        64     1024      1         86     1024      54      0.00015     38.699     13.24   0xbbb314e38729539e
conv_in      k7      1024     1536      7         86     1536      55      0.01605     59.011     13.95   0x669f2cb14fba1dac
b0_res_conv1 k7       768      768      7        688      768      55      0.03800     74.761     13.89   0xe094d45bb8bfe581
b0_res_conv2 k1       768      768      1        688      768      55      0.01159     35.021     13.89   0x665924b1b8a65823
b1_res_conv1 k7       384      384      7       5504      384      55      0.07129     79.687     13.90   0xa93bd4f43d9ea8f2
b1_res_conv2 k1       384      384      1       5504      384      55      0.01666     48.727     13.78   0xbf95bb47292e9a7f
b2_res_conv1 k7       192      192      7      22016      192      48      0.06984     81.347     13.81   0x364125dddde32752
b2_res_conv2 k1       192      192      1      22016      192      48      0.01744     46.526     13.87   0x1074e5a882593940
b3_res_conv1 k7        96       96      7      44032       96      48      0.03477     81.702     13.89   0x2a8becf4ec69d4a4
b3_res_conv2 k1        96       96      1      44032       96      48      0.00909     44.646     13.65   0xafc3da9787cb83fb
conv_out     k7        96        1      7      44032        1       1      0.00061     48.660     12.95   0xfdf323edf66d795d
TOTAL(one of each)                                                           0.28547
RC=0
--- probe len=86 round=31 arm=D2
# vt::Conv1d decomposition probe (#1334) -- threads=14 latents=86 repeats=2
# VLLM_CPP_CPU_THREADS=14  pool.NThreads()=14
geom                in_ch   out_ch      k    out_len     rows  chunks       wall_s     GMAC/s user/wall          fingerprint
dec_in_proj  k1        64     1024      1         86     1024      54      0.00017     32.715     13.08   0xbbb314e38729539e
conv_in      k7      1024     1536      7         86     1536      55      0.01605     59.010     13.88   0x669f2cb14fba1dac
b0_res_conv1 k7       768      768      7        688      768      55      0.04125     68.862     13.43   0xe094d45bb8bfe581
b0_res_conv2 k1       768      768      1        688      768      55      0.01115     36.405     13.94   0x665924b1b8a65823
b1_res_conv1 k7       384      384      7       5504      384      55      0.07102     79.998     13.86   0xa93bd4f43d9ea8f2
b1_res_conv2 k1       384      384      1       5504      384      55      0.01684     48.208     13.89   0xbf95bb47292e9a7f
b2_res_conv1 k7       192      192      7      22016      192      48      0.06991     81.269     13.87   0x364125dddde32752
b2_res_conv2 k1       192      192      1      22016      192      48      0.01778     45.655     13.79   0x1074e5a882593940
b3_res_conv1 k7        96       96      7      44032       96      48      0.03448     82.388     13.89   0x2a8becf4ec69d4a4
b3_res_conv2 k1        96       96      1      44032       96      48      0.00814     49.833     13.83   0xafc3da9787cb83fb
conv_out     k7        96        1      7      44032        1       1      0.00087     33.974     14.41   0xfdf323edf66d795d
TOTAL(one of each)                                                           0.28764
RC=0

=== THE OP PROBE -- 20 latents, 31 rounds
--- probe len=20 round=1 arm=C
# vt::Conv1d decomposition probe (#1334) -- threads=14 latents=20 repeats=2
# VLLM_CPP_CPU_THREADS=14  pool.NThreads()=14
geom                in_ch   out_ch      k    out_len     rows  chunks       wall_s     GMAC/s user/wall          fingerprint
dec_in_proj  k1        64     1024      1         20     1024      54      0.00006     22.098      8.51   0xabd52fefc5ba264c
conv_in      k7      1024     1536      7         20     1536      55      0.00466     47.256     14.26   0x8860389815e8d920
b0_res_conv1 k7       768      768      7        160      768      55      0.01101     60.016     13.84   0x373d2a1f7e82a4d9
b0_res_conv2 k1       768      768      1        160      768      55      0.00204     46.249     13.00   0xcdec065a5ab935b8
b1_res_conv1 k7       384      384      7       1280      384      55      0.01650     80.065     13.83   0x834f6cd897155883
b1_res_conv2 k1       384      384      1       1280      384      55      0.00415     45.484     13.71   0x5d0c5f7ba57096c0
b2_res_conv1 k7       192      192      7       5120      192      48      0.01660     79.599     13.75   0x1e2e62dfead50657
b2_res_conv2 k1       192      192      1       5120      192      48      0.00424     44.508     13.42   0xfe838e95937dfa87
b3_res_conv1 k7        96       96      7      10240       96      48      0.00833     79.348     13.86   0x3ffbbfa2b91f131f
b3_res_conv2 k1        96       96      1      10240       96      48      0.00204     46.306     13.34   0x6de339905347b401
conv_out     k7        96        1      7      10240        1       1      0.00016     44.319     10.00    0x418afd3b9451083
TOTAL(one of each)                                                           0.06978
RC=0
--- probe len=20 round=1 arm=D
# vt::Conv1d decomposition probe (#1334) -- threads=14 latents=20 repeats=2
# VLLM_CPP_CPU_THREADS=14  pool.NThreads()=14
geom                in_ch   out_ch      k    out_len     rows  chunks       wall_s     GMAC/s user/wall          fingerprint
dec_in_proj  k1        64     1024      1         20     1024      54      0.00006     22.398      9.62   0xabd52fefc5ba264c
conv_in      k7      1024     1536      7         20     1536      55      0.00463     47.515     13.72   0x8860389815e8d920
b0_res_conv1 k7       768      768      7        160      768      55      0.01069     61.813     13.64   0x373d2a1f7e82a4d9
b0_res_conv2 k1       768      768      1        160      768      55      0.00200     47.235     13.16   0xcdec065a5ab935b8
b1_res_conv1 k7       384      384      7       1280      384      55      0.01703     77.601     13.86   0x834f6cd897155883
b1_res_conv2 k1       384      384      1       1280      384      55      0.00425     44.378     13.81   0x5d0c5f7ba57096c0
b2_res_conv1 k7       192      192      7       5120      192      48      0.01656     79.764     13.78   0x1e2e62dfead50657
b2_res_conv2 k1       192      192      1       5120      192      48      0.00441     42.828     13.80   0xfe838e95937dfa87
b3_res_conv1 k7        96       96      7      10240       96      48      0.00840     78.615     13.79   0x3ffbbfa2b91f131f
b3_res_conv2 k1        96       96      1      10240       96      48      0.00212     44.520     13.97   0x6de339905347b401
conv_out     k7        96        1      7      10240        1       1      0.00016     43.665     12.16    0x418afd3b9451083
TOTAL(one of each)                                                           0.07031
RC=0
--- probe len=20 round=1 arm=D2
# vt::Conv1d decomposition probe (#1334) -- threads=14 latents=20 repeats=2
# VLLM_CPP_CPU_THREADS=14  pool.NThreads()=14
geom                in_ch   out_ch      k    out_len     rows  chunks       wall_s     GMAC/s user/wall          fingerprint
dec_in_proj  k1        64     1024      1         20     1024      54      0.00006     21.961      6.08   0xabd52fefc5ba264c
conv_in      k7      1024     1536      7         20     1536      55      0.00493     44.643     13.37   0x8860389815e8d920
b0_res_conv1 k7       768      768      7        160      768      55      0.01064     62.103     13.71   0x373d2a1f7e82a4d9
b0_res_conv2 k1       768      768      1        160      768      55      0.00199     47.386     14.01   0xcdec065a5ab935b8
b1_res_conv1 k7       384      384      7       1280      384      55      0.01702     77.644     13.82   0x834f6cd897155883
b1_res_conv2 k1       384      384      1       1280      384      55      0.00413     45.691     13.94   0x5d0c5f7ba57096c0
b2_res_conv1 k7       192      192      7       5120      192      48      0.01663     79.452     13.90   0x1e2e62dfead50657
b2_res_conv2 k1       192      192      1       5120      192      48      0.00437     43.175     13.24   0xfe838e95937dfa87
b3_res_conv1 k7        96       96      7      10240       96      48      0.00834     79.215     13.65   0x3ffbbfa2b91f131f
b3_res_conv2 k1        96       96      1      10240       96      48      0.00213     44.353     13.00   0x6de339905347b401
conv_out     k7        96        1      7      10240        1       1      0.00016     43.491     15.31    0x418afd3b9451083
TOTAL(one of each)                                                           0.07039
RC=0
--- probe len=20 round=2 arm=D2
# vt::Conv1d decomposition probe (#1334) -- threads=14 latents=20 repeats=2
# VLLM_CPP_CPU_THREADS=14  pool.NThreads()=14
geom                in_ch   out_ch      k    out_len     rows  chunks       wall_s     GMAC/s user/wall          fingerprint
dec_in_proj  k1        64     1024      1         20     1024      54      0.00005     27.632      5.99   0xabd52fefc5ba264c
conv_in      k7      1024     1536      7         20     1536      55      0.00577     38.189     14.11   0x8860389815e8d920
b0_res_conv1 k7       768      768      7        160      768      55      0.01499     44.075     13.24   0x373d2a1f7e82a4d9
b0_res_conv2 k1       768      768      1        160      768      55      0.00167     56.407     13.60   0xcdec065a5ab935b8
b1_res_conv1 k7       384      384      7       1280      384      55      0.02025     65.258     13.38   0x834f6cd897155883
b1_res_conv2 k1       384      384      1       1280      384      55      0.00407     46.391     12.96   0x5d0c5f7ba57096c0
b2_res_conv1 k7       192      192      7       5120      192      48      0.01654     79.891     13.70   0x1e2e62dfead50657
b2_res_conv2 k1       192      192      1       5120      192      48      0.00435     43.395     13.06   0xfe838e95937dfa87
b3_res_conv1 k7        96       96      7      10240       96      48      0.01047     63.088     12.71   0x3ffbbfa2b91f131f
b3_res_conv2 k1        96       96      1      10240       96      48      0.00252     37.443     12.90   0x6de339905347b401
conv_out     k7        96        1      7      10240        1       1      0.00033     20.968     13.11    0x418afd3b9451083
TOTAL(one of each)                                                           0.08100
RC=0
--- probe len=20 round=2 arm=D
# vt::Conv1d decomposition probe (#1334) -- threads=14 latents=20 repeats=2
# VLLM_CPP_CPU_THREADS=14  pool.NThreads()=14
geom                in_ch   out_ch      k    out_len     rows  chunks       wall_s     GMAC/s user/wall          fingerprint
dec_in_proj  k1        64     1024      1         20     1024      54      0.00006     21.119     14.29   0xabd52fefc5ba264c
conv_in      k7      1024     1536      7         20     1536      55      0.00560     39.352     12.13   0x8860389815e8d920
b0_res_conv1 k7       768      768      7        160      768      55      0.01274     51.854     13.59   0x373d2a1f7e82a4d9
b0_res_conv2 k1       768      768      1        160      768      55      0.00166     56.762     14.22   0xcdec065a5ab935b8
b1_res_conv1 k7       384      384      7       1280      384      55      0.01747     75.619     13.58   0x834f6cd897155883
b1_res_conv2 k1       384      384      1       1280      384      55      0.00390     48.442     12.98   0x5d0c5f7ba57096c0
b2_res_conv1 k7       192      192      7       5120      192      48      0.01719     76.855     13.54   0x1e2e62dfead50657
b2_res_conv2 k1       192      192      1       5120      192      48      0.00434     43.469     13.15   0xfe838e95937dfa87
b3_res_conv1 k7        96       96      7      10240       96      48      0.00837     78.927     13.71   0x3ffbbfa2b91f131f
b3_res_conv2 k1        96       96      1      10240       96      48      0.00210     44.940     17.67   0x6de339905347b401
conv_out     k7        96        1      7      10240        1       1      0.00017     40.767     14.43    0x418afd3b9451083
TOTAL(one of each)                                                           0.07360
RC=0
--- probe len=20 round=2 arm=C
# vt::Conv1d decomposition probe (#1334) -- threads=14 latents=20 repeats=2
# VLLM_CPP_CPU_THREADS=14  pool.NThreads()=14
geom                in_ch   out_ch      k    out_len     rows  chunks       wall_s     GMAC/s user/wall          fingerprint
dec_in_proj  k1        64     1024      1         20     1024      54      0.00006     20.913      7.37   0xabd52fefc5ba264c
conv_in      k7      1024     1536      7         20     1536      55      0.00597     36.882     11.78   0x8860389815e8d920
b0_res_conv1 k7       768      768      7        160      768      55      0.01500     44.043     11.99   0x373d2a1f7e82a4d9
b0_res_conv2 k1       768      768      1        160      768      55      0.00469     20.134     12.95   0xcdec065a5ab935b8
b1_res_conv1 k7       384      384      7       1280      384      55      0.02135     61.887     12.88   0x834f6cd897155883
b1_res_conv2 k1       384      384      1       1280      384      55      0.00816     23.126     13.00   0x5d0c5f7ba57096c0
b2_res_conv1 k7       192      192      7       5120      192      48      0.01672     79.020     13.77   0x1e2e62dfead50657
b2_res_conv2 k1       192      192      1       5120      192      48      0.00384     49.114     13.94   0xfe838e95937dfa87
b3_res_conv1 k7        96       96      7      10240       96      48      0.00827     79.836     13.67   0x3ffbbfa2b91f131f
b3_res_conv2 k1        96       96      1      10240       96      48      0.00191     49.433     13.79   0x6de339905347b401
conv_out     k7        96        1      7      10240        1       1      0.00017     40.949     15.74    0x418afd3b9451083
TOTAL(one of each)                                                           0.08614
RC=0
--- probe len=20 round=3 arm=C
# vt::Conv1d decomposition probe (#1334) -- threads=14 latents=20 repeats=2
# VLLM_CPP_CPU_THREADS=14  pool.NThreads()=14
geom                in_ch   out_ch      k    out_len     rows  chunks       wall_s     GMAC/s user/wall          fingerprint
dec_in_proj  k1        64     1024      1         20     1024      54      0.00006     21.668      5.19   0xabd52fefc5ba264c
conv_in      k7      1024     1536      7         20     1536      55      0.00455     48.405     13.73   0x8860389815e8d920
b0_res_conv1 k7       768      768      7        160      768      55      0.01077     61.315     13.99   0x373d2a1f7e82a4d9
b0_res_conv2 k1       768      768      1        160      768      55      0.00213     44.266     12.98   0xcdec065a5ab935b8
b1_res_conv1 k7       384      384      7       1280      384      55      0.01628     81.163     13.93   0x834f6cd897155883
b1_res_conv2 k1       384      384      1       1280      384      55      0.00414     45.588     13.57   0x5d0c5f7ba57096c0
b2_res_conv1 k7       192      192      7       5120      192      48      0.01659     79.617     13.89   0x1e2e62dfead50657
b2_res_conv2 k1       192      192      1       5120      192      48      0.00414     45.620     13.90   0xfe838e95937dfa87
b3_res_conv1 k7        96       96      7      10240       96      48      0.00834     79.170     13.68   0x3ffbbfa2b91f131f
b3_res_conv2 k1        96       96      1      10240       96      48      0.00207     45.640     12.95   0x6de339905347b401
conv_out     k7        96        1      7      10240        1       1      0.00016     44.247     10.18    0x418afd3b9451083
TOTAL(one of each)                                                           0.06923
RC=0
--- probe len=20 round=3 arm=D
# vt::Conv1d decomposition probe (#1334) -- threads=14 latents=20 repeats=2
# VLLM_CPP_CPU_THREADS=14  pool.NThreads()=14
geom                in_ch   out_ch      k    out_len     rows  chunks       wall_s     GMAC/s user/wall          fingerprint
dec_in_proj  k1        64     1024      1         20     1024      54      0.00006     22.592     13.15   0xabd52fefc5ba264c
conv_in      k7      1024     1536      7         20     1536      55      0.00467     47.150     14.65   0x8860389815e8d920
b0_res_conv1 k7       768      768      7        160      768      55      0.01066     61.985     14.01   0x373d2a1f7e82a4d9
b0_res_conv2 k1       768      768      1        160      768      55      0.00235     40.129     14.13   0xcdec065a5ab935b8
b1_res_conv1 k7       384      384      7       1280      384      55      0.01715     77.045     13.76   0x834f6cd897155883
b1_res_conv2 k1       384      384      1       1280      384      55      0.00450     41.927     13.27   0x5d0c5f7ba57096c0
b2_res_conv1 k7       192      192      7       5120      192      48      0.01654     79.885     13.88   0x1e2e62dfead50657
b2_res_conv2 k1       192      192      1       5120      192      48      0.00434     43.532     13.87   0xfe838e95937dfa87
b3_res_conv1 k7        96       96      7      10240       96      48      0.00836     79.001     13.67   0x3ffbbfa2b91f131f
b3_res_conv2 k1        96       96      1      10240       96      48      0.00211     44.717     14.84   0x6de339905347b401
conv_out     k7        96        1      7      10240        1       1      0.00016     43.619     14.40    0x418afd3b9451083
TOTAL(one of each)                                                           0.07089
RC=0
--- probe len=20 round=3 arm=D2
# vt::Conv1d decomposition probe (#1334) -- threads=14 latents=20 repeats=2
# VLLM_CPP_CPU_THREADS=14  pool.NThreads()=14
geom                in_ch   out_ch      k    out_len     rows  chunks       wall_s     GMAC/s user/wall          fingerprint
dec_in_proj  k1        64     1024      1         20     1024      54      0.00008     17.144      9.46   0xabd52fefc5ba264c
conv_in      k7      1024     1536      7         20     1536      55      0.00456     48.280     13.61   0x8860389815e8d920
b0_res_conv1 k7       768      768      7        160      768      55      0.01138     58.031     14.11   0x373d2a1f7e82a4d9
b0_res_conv2 k1       768      768      1        160      768      55      0.00209     45.247     13.52   0xcdec065a5ab935b8
b1_res_conv1 k7       384      384      7       1280      384      55      0.01758     75.155     13.79   0x834f6cd897155883
b1_res_conv2 k1       384      384      1       1280      384      55      0.00414     45.539     13.42   0x5d0c5f7ba57096c0
b2_res_conv1 k7       192      192      7       5120      192      48      0.01665     79.328     13.92   0x1e2e62dfead50657
b2_res_conv2 k1       192      192      1       5120      192      48      0.00416     45.353     13.69   0xfe838e95937dfa87
b3_res_conv1 k7        96       96      7      10240       96      48      0.00837     78.897     13.88   0x3ffbbfa2b91f131f
b3_res_conv2 k1        96       96      1      10240       96      48      0.00209     45.112     13.54   0x6de339905347b401
conv_out     k7        96        1      7      10240        1       1      0.00016     43.835     10.17    0x418afd3b9451083
TOTAL(one of each)                                                           0.07127
RC=0
--- probe len=20 round=4 arm=D2
# vt::Conv1d decomposition probe (#1334) -- threads=14 latents=20 repeats=2
# VLLM_CPP_CPU_THREADS=14  pool.NThreads()=14
geom                in_ch   out_ch      k    out_len     rows  chunks       wall_s     GMAC/s user/wall          fingerprint
dec_in_proj  k1        64     1024      1         20     1024      54      0.00004     31.711      8.47   0xabd52fefc5ba264c
conv_in      k7      1024     1536      7         20     1536      55      0.00465     47.373     13.81   0x8860389815e8d920
b0_res_conv1 k7       768      768      7        160      768      55      0.01155     57.200     13.27   0x373d2a1f7e82a4d9
b0_res_conv2 k1       768      768      1        160      768      55      0.00176     53.671     13.64   0xcdec065a5ab935b8
b1_res_conv1 k7       384      384      7       1280      384      55      0.01703     77.586     13.80   0x834f6cd897155883
b1_res_conv2 k1       384      384      1       1280      384      55      0.00395     47.740     13.99   0x5d0c5f7ba57096c0
b2_res_conv1 k7       192      192      7       5120      192      48      0.01665     79.355     13.81   0x1e2e62dfead50657
b2_res_conv2 k1       192      192      1       5120      192      48      0.00428     44.112     13.89   0xfe838e95937dfa87
b3_res_conv1 k7        96       96      7      10240       96      48      0.00832     79.368     13.87   0x3ffbbfa2b91f131f
b3_res_conv2 k1        96       96      1      10240       96      48      0.00210     45.011     14.56   0x6de339905347b401
conv_out     k7        96        1      7      10240        1       1      0.00016     44.250     10.04    0x418afd3b9451083
TOTAL(one of each)                                                           0.07048
RC=0
--- probe len=20 round=4 arm=D
# vt::Conv1d decomposition probe (#1334) -- threads=14 latents=20 repeats=2
# VLLM_CPP_CPU_THREADS=14  pool.NThreads()=14
geom                in_ch   out_ch      k    out_len     rows  chunks       wall_s     GMAC/s user/wall          fingerprint
dec_in_proj  k1        64     1024      1         20     1024      54      0.00008     17.000     11.89   0xabd52fefc5ba264c
conv_in      k7      1024     1536      7         20     1536      55      0.00507     43.439     13.72   0x8860389815e8d920
b0_res_conv1 k7       768      768      7        160      768      55      0.01148     57.550     13.96   0x373d2a1f7e82a4d9
b0_res_conv2 k1       768      768      1        160      768      55      0.00203     46.489     14.14   0xcdec065a5ab935b8
b1_res_conv1 k7       384      384      7       1280      384      55      0.01694     78.014     13.84   0x834f6cd897155883
b1_res_conv2 k1       384      384      1       1280      384      55      0.00370     51.056     13.06   0x5d0c5f7ba57096c0
b2_res_conv1 k7       192      192      7       5120      192      48      0.01650     80.051     13.90   0x1e2e62dfead50657
b2_res_conv2 k1       192      192      1       5120      192      48      0.00425     44.410     13.15   0xfe838e95937dfa87
b3_res_conv1 k7        96       96      7      10240       96      48      0.00834     79.180     13.75   0x3ffbbfa2b91f131f
b3_res_conv2 k1        96       96      1      10240       96      48      0.00207     45.498     15.00   0x6de339905347b401
conv_out     k7        96        1      7      10240        1       1      0.00016     43.461     13.27    0x418afd3b9451083
TOTAL(one of each)                                                           0.07062
RC=0
--- probe len=20 round=4 arm=C
# vt::Conv1d decomposition probe (#1334) -- threads=14 latents=20 repeats=2
# VLLM_CPP_CPU_THREADS=14  pool.NThreads()=14
geom                in_ch   out_ch      k    out_len     rows  chunks       wall_s     GMAC/s user/wall          fingerprint
dec_in_proj  k1        64     1024      1         20     1024      54      0.00006     21.808      4.38   0xabd52fefc5ba264c
conv_in      k7      1024     1536      7         20     1536      55      0.00457     48.181     13.90   0x8860389815e8d920
b0_res_conv1 k7       768      768      7        160      768      55      0.01088     60.729     14.26   0x373d2a1f7e82a4d9
b0_res_conv2 k1       768      768      1        160      768      55      0.00215     43.899     13.02   0xcdec065a5ab935b8
b1_res_conv1 k7       384      384      7       1280      384      55      0.01622     81.435     13.70   0x834f6cd897155883
b1_res_conv2 k1       384      384      1       1280      384      55      0.00387     48.744     12.98   0x5d0c5f7ba57096c0
b2_res_conv1 k7       192      192      7       5120      192      48      0.01660     79.593     13.90   0x1e2e62dfead50657
b2_res_conv2 k1       192      192      1       5120      192      48      0.00455     41.476     13.70   0xfe838e95937dfa87
b3_res_conv1 k7        96       96      7      10240       96      48      0.00834     79.194     13.98   0x3ffbbfa2b91f131f
b3_res_conv2 k1        96       96      1      10240       96      48      0.00212     44.420     10.96   0x6de339905347b401
conv_out     k7        96        1      7      10240        1       1      0.00016     43.634     14.28    0x418afd3b9451083
TOTAL(one of each)                                                           0.06953
RC=0
--- probe len=20 round=5 arm=C
# vt::Conv1d decomposition probe (#1334) -- threads=14 latents=20 repeats=2
# VLLM_CPP_CPU_THREADS=14  pool.NThreads()=14
geom                in_ch   out_ch      k    out_len     rows  chunks       wall_s     GMAC/s user/wall          fingerprint
dec_in_proj  k1        64     1024      1         20     1024      54      0.00006     22.480      8.42   0xabd52fefc5ba264c
conv_in      k7      1024     1536      7         20     1536      55      0.00462     47.684     13.58   0x8860389815e8d920
b0_res_conv1 k7       768      768      7        160      768      55      0.01108     59.606     13.72   0x373d2a1f7e82a4d9
b0_res_conv2 k1       768      768      1        160      768      55      0.00184     51.162     15.52   0xcdec065a5ab935b8
b1_res_conv1 k7       384      384      7       1280      384      55      0.01638     80.643     13.89   0x834f6cd897155883
b1_res_conv2 k1       384      384      1       1280      384      55      0.00411     45.893     14.06   0x5d0c5f7ba57096c0
b2_res_conv1 k7       192      192      7       5120      192      48      0.01709     77.325     13.85   0x1e2e62dfead50657
b2_res_conv2 k1       192      192      1       5120      192      48      0.00439     42.961     12.89   0xfe838e95937dfa87
b3_res_conv1 k7        96       96      7      10240       96      48      0.00837     78.927     13.56   0x3ffbbfa2b91f131f
b3_res_conv2 k1        96       96      1      10240       96      48      0.00210     45.022     13.41   0x6de339905347b401
conv_out     k7        96        1      7      10240        1       1      0.00016     44.085     13.31    0x418afd3b9451083
TOTAL(one of each)                                                           0.07020
RC=0
--- probe len=20 round=5 arm=D
# vt::Conv1d decomposition probe (#1334) -- threads=14 latents=20 repeats=2
# VLLM_CPP_CPU_THREADS=14  pool.NThreads()=14
geom                in_ch   out_ch      k    out_len     rows  chunks       wall_s     GMAC/s user/wall          fingerprint
dec_in_proj  k1        64     1024      1         20     1024      54      0.00007     18.470     18.39   0xabd52fefc5ba264c
conv_in      k7      1024     1536      7         20     1536      55      0.00451     48.802     12.36   0x8860389815e8d920
b0_res_conv1 k7       768      768      7        160      768      55      0.01075     61.462     13.90   0x373d2a1f7e82a4d9
b0_res_conv2 k1       768      768      1        160      768      55      0.00202     46.787     13.99   0xcdec065a5ab935b8
b1_res_conv1 k7       384      384      7       1280      384      55      0.01689     78.245     13.93   0x834f6cd897155883
b1_res_conv2 k1       384      384      1       1280      384      55      0.00353     53.475     13.97   0x5d0c5f7ba57096c0
b2_res_conv1 k7       192      192      7       5120      192      48      0.01647     80.240     13.95   0x1e2e62dfead50657
b2_res_conv2 k1       192      192      1       5120      192      48      0.00393     48.055     13.86   0xfe838e95937dfa87
b3_res_conv1 k7        96       96      7      10240       96      48      0.00828     79.780     13.65   0x3ffbbfa2b91f131f
b3_res_conv2 k1        96       96      1      10240       96      48      0.00196     48.164     12.99   0x6de339905347b401
conv_out     k7        96        1      7      10240        1       1      0.00015     44.456      8.11    0x418afd3b9451083
TOTAL(one of each)                                                           0.06855
RC=0
--- probe len=20 round=5 arm=D2
# vt::Conv1d decomposition probe (#1334) -- threads=14 latents=20 repeats=2
# VLLM_CPP_CPU_THREADS=14  pool.NThreads()=14
geom                in_ch   out_ch      k    out_len     rows  chunks       wall_s     GMAC/s user/wall          fingerprint
dec_in_proj  k1        64     1024      1         20     1024      54      0.00006     21.829     10.69   0xabd52fefc5ba264c
conv_in      k7      1024     1536      7         20     1536      55      0.00495     44.453     13.56   0x8860389815e8d920
b0_res_conv1 k7       768      768      7        160      768      55      0.01078     61.276     13.93   0x373d2a1f7e82a4d9
b0_res_conv2 k1       768      768      1        160      768      55      0.00204     46.331     13.42   0xcdec065a5ab935b8
b1_res_conv1 k7       384      384      7       1280      384      55      0.01681     78.610     13.77   0x834f6cd897155883
b1_res_conv2 k1       384      384      1       1280      384      55      0.00393     48.062     14.02   0x5d0c5f7ba57096c0
b2_res_conv1 k7       192      192      7       5120      192      48      0.01654     79.888     13.91   0x1e2e62dfead50657
b2_res_conv2 k1       192      192      1       5120      192      48      0.00427     44.155     13.94   0xfe838e95937dfa87
b3_res_conv1 k7        96       96      7      10240       96      48      0.00832     79.447     13.60   0x3ffbbfa2b91f131f
b3_res_conv2 k1        96       96      1      10240       96      48      0.00212     44.602     15.74   0x6de339905347b401
conv_out     k7        96        1      7      10240        1       1      0.00015     44.414      8.05    0x418afd3b9451083
TOTAL(one of each)                                                           0.06996
RC=0
--- probe len=20 round=6 arm=D2
# vt::Conv1d decomposition probe (#1334) -- threads=14 latents=20 repeats=2
# VLLM_CPP_CPU_THREADS=14  pool.NThreads()=14
geom                in_ch   out_ch      k    out_len     rows  chunks       wall_s     GMAC/s user/wall          fingerprint
dec_in_proj  k1        64     1024      1         20     1024      54      0.00008     16.943      6.97   0xabd52fefc5ba264c
conv_in      k7      1024     1536      7         20     1536      55      0.00471     46.756     13.83   0x8860389815e8d920
b0_res_conv1 k7       768      768      7        160      768      55      0.01121     58.949     13.52   0x373d2a1f7e82a4d9
b0_res_conv2 k1       768      768      1        160      768      55      0.00187     50.343     13.68   0xcdec065a5ab935b8
b1_res_conv1 k7       384      384      7       1280      384      55      0.01690     78.178     13.85   0x834f6cd897155883
b1_res_conv2 k1       384      384      1       1280      384      55      0.00408     46.261     13.92   0x5d0c5f7ba57096c0
b2_res_conv1 k7       192      192      7       5120      192      48      0.01654     79.865     13.48   0x1e2e62dfead50657
b2_res_conv2 k1       192      192      1       5120      192      48      0.00435     43.341     13.31   0xfe838e95937dfa87
b3_res_conv1 k7        96       96      7      10240       96      48      0.00836     78.991     13.84   0x3ffbbfa2b91f131f
b3_res_conv2 k1        96       96      1      10240       96      48      0.00205     46.029     10.74   0x6de339905347b401
conv_out     k7        96        1      7      10240        1       1      0.00016     43.461     15.38    0x418afd3b9451083
TOTAL(one of each)                                                           0.07032
RC=0
--- probe len=20 round=6 arm=D
# vt::Conv1d decomposition probe (#1334) -- threads=14 latents=20 repeats=2
# VLLM_CPP_CPU_THREADS=14  pool.NThreads()=14
geom                in_ch   out_ch      k    out_len     rows  chunks       wall_s     GMAC/s user/wall          fingerprint
dec_in_proj  k1        64     1024      1         20     1024      54      0.00076      1.733     11.86   0xabd52fefc5ba264c
conv_in      k7      1024     1536      7         20     1536      55      0.00454     48.457     13.10   0x8860389815e8d920
b0_res_conv1 k7       768      768      7        160      768      55      0.01113     59.372     13.96   0x373d2a1f7e82a4d9
b0_res_conv2 k1       768      768      1        160      768      55      0.00197     48.015     12.15   0xcdec065a5ab935b8
b1_res_conv1 k7       384      384      7       1280      384      55      0.01684     78.473     13.85   0x834f6cd897155883
b1_res_conv2 k1       384      384      1       1280      384      55      0.00395     47.814     13.98   0x5d0c5f7ba57096c0
b2_res_conv1 k7       192      192      7       5120      192      48      0.01654     79.887     13.86   0x1e2e62dfead50657
b2_res_conv2 k1       192      192      1       5120      192      48      0.00428     44.065     14.00   0xfe838e95937dfa87
b3_res_conv1 k7        96       96      7      10240       96      48      0.00831     79.506     13.64   0x3ffbbfa2b91f131f
b3_res_conv2 k1        96       96      1      10240       96      48      0.00207     45.646     13.70   0x6de339905347b401
conv_out     k7        96        1      7      10240        1       1      0.00016     43.791     12.25    0x418afd3b9451083
TOTAL(one of each)                                                           0.07053
RC=0
--- probe len=20 round=6 arm=C
# vt::Conv1d decomposition probe (#1334) -- threads=14 latents=20 repeats=2
# VLLM_CPP_CPU_THREADS=14  pool.NThreads()=14
geom                in_ch   out_ch      k    out_len     rows  chunks       wall_s     GMAC/s user/wall          fingerprint
dec_in_proj  k1        64     1024      1         20     1024      54      0.00007     19.370     11.47   0xabd52fefc5ba264c
conv_in      k7      1024     1536      7         20     1536      55      0.00455     48.398     13.85   0x8860389815e8d920
b0_res_conv1 k7       768      768      7        160      768      55      0.01098     60.184     13.84   0x373d2a1f7e82a4d9
b0_res_conv2 k1       768      768      1        160      768      55      0.00199     47.381     13.81   0xcdec065a5ab935b8
b1_res_conv1 k7       384      384      7       1280      384      55      0.01640     80.548     13.82   0x834f6cd897155883
b1_res_conv2 k1       384      384      1       1280      384      55      0.00394     47.870     13.64   0x5d0c5f7ba57096c0
b2_res_conv1 k7       192      192      7       5120      192      48      0.01650     80.064     13.79   0x1e2e62dfead50657
b2_res_conv2 k1       192      192      1       5120      192      48      0.00440     42.870     13.70   0xfe838e95937dfa87
b3_res_conv1 k7        96       96      7      10240       96      48      0.00836     79.019     13.49   0x3ffbbfa2b91f131f
b3_res_conv2 k1        96       96      1      10240       96      48      0.00215     43.849     13.58   0x6de339905347b401
conv_out     k7        96        1      7      10240        1       1      0.00016     43.425     12.15    0x418afd3b9451083
TOTAL(one of each)                                                           0.06951
RC=0
--- probe len=20 round=7 arm=C
# vt::Conv1d decomposition probe (#1334) -- threads=14 latents=20 repeats=2
# VLLM_CPP_CPU_THREADS=14  pool.NThreads()=14
geom                in_ch   out_ch      k    out_len     rows  chunks       wall_s     GMAC/s user/wall          fingerprint
dec_in_proj  k1        64     1024      1         20     1024      54      0.00006     21.886      4.14   0xabd52fefc5ba264c
conv_in      k7      1024     1536      7         20     1536      55      0.00460     47.863     12.13   0x8860389815e8d920
b0_res_conv1 k7       768      768      7        160      768      55      0.01083     60.984     13.67   0x373d2a1f7e82a4d9
b0_res_conv2 k1       768      768      1        160      768      55      0.00185     50.967     13.18   0xcdec065a5ab935b8
b1_res_conv1 k7       384      384      7       1280      384      55      0.01610     82.040     13.88   0x834f6cd897155883
b1_res_conv2 k1       384      384      1       1280      384      55      0.00441     42.805     13.84   0x5d0c5f7ba57096c0
b2_res_conv1 k7       192      192      7       5120      192      48      0.01650     80.059     13.86   0x1e2e62dfead50657
b2_res_conv2 k1       192      192      1       5120      192      48      0.00426     44.298     13.19   0xfe838e95937dfa87
b3_res_conv1 k7        96       96      7      10240       96      48      0.00830     79.589     13.93   0x3ffbbfa2b91f131f
b3_res_conv2 k1        96       96      1      10240       96      48      0.00211     44.749     12.70   0x6de339905347b401
conv_out     k7        96        1      7      10240        1       1      0.00016     43.975     11.30    0x418afd3b9451083
TOTAL(one of each)                                                           0.06919
RC=0
--- probe len=20 round=7 arm=D
# vt::Conv1d decomposition probe (#1334) -- threads=14 latents=20 repeats=2
# VLLM_CPP_CPU_THREADS=14  pool.NThreads()=14
geom                in_ch   out_ch      k    out_len     rows  chunks       wall_s     GMAC/s user/wall          fingerprint
dec_in_proj  k1        64     1024      1         20     1024      54      0.00006     21.785     10.54   0xabd52fefc5ba264c
conv_in      k7      1024     1536      7         20     1536      55      0.00456     48.238     13.78   0x8860389815e8d920
b0_res_conv1 k7       768      768      7        160      768      55      0.01064     62.085     13.86   0x373d2a1f7e82a4d9
b0_res_conv2 k1       768      768      1        160      768      55      0.00205     46.012     13.51   0xcdec065a5ab935b8
b1_res_conv1 k7       384      384      7       1280      384      55      0.01680     78.654     13.90   0x834f6cd897155883
b1_res_conv2 k1       384      384      1       1280      384      55      0.00403     46.796     13.93   0x5d0c5f7ba57096c0
b2_res_conv1 k7       192      192      7       5120      192      48      0.01656     79.780     13.91   0x1e2e62dfead50657
b2_res_conv2 k1       192      192      1       5120      192      48      0.00446     42.341     13.63   0xfe838e95937dfa87
b3_res_conv1 k7        96       96      7      10240       96      48      0.00833     79.348     13.92   0x3ffbbfa2b91f131f
b3_res_conv2 k1        96       96      1      10240       96      48      0.00212     44.580     11.95   0x6de339905347b401
conv_out     k7        96        1      7      10240        1       1      0.00016     43.947     11.14    0x418afd3b9451083
TOTAL(one of each)                                                           0.06976
RC=0
--- probe len=20 round=7 arm=D2
# vt::Conv1d decomposition probe (#1334) -- threads=14 latents=20 repeats=2
# VLLM_CPP_CPU_THREADS=14  pool.NThreads()=14
geom                in_ch   out_ch      k    out_len     rows  chunks       wall_s     GMAC/s user/wall          fingerprint
dec_in_proj  k1        64     1024      1         20     1024      54      0.00006     22.836     11.27   0xabd52fefc5ba264c
conv_in      k7      1024     1536      7         20     1536      55      0.00455     48.408     13.93   0x8860389815e8d920
b0_res_conv1 k7       768      768      7        160      768      55      0.01100     60.055     13.82   0x373d2a1f7e82a4d9
b0_res_conv2 k1       768      768      1        160      768      55      0.00198     47.646     13.31   0xcdec065a5ab935b8
b1_res_conv1 k7       384      384      7       1280      384      55      0.01725     76.572     13.80   0x834f6cd897155883
b1_res_conv2 k1       384      384      1       1280      384      55      0.00408     46.257     13.93   0x5d0c5f7ba57096c0
b2_res_conv1 k7       192      192      7       5120      192      48      0.01659     79.661     13.89   0x1e2e62dfead50657
b2_res_conv2 k1       192      192      1       5120      192      48      0.00421     44.785     13.20   0xfe838e95937dfa87
b3_res_conv1 k7        96       96      7      10240       96      48      0.00835     79.107     14.13   0x3ffbbfa2b91f131f
b3_res_conv2 k1        96       96      1      10240       96      48      0.00214     44.185     13.24   0x6de339905347b401
conv_out     k7        96        1      7      10240        1       1      0.00016     41.822     14.22    0x418afd3b9451083
TOTAL(one of each)                                                           0.07037
RC=0
--- probe len=20 round=8 arm=D2
# vt::Conv1d decomposition probe (#1334) -- threads=14 latents=20 repeats=2
# VLLM_CPP_CPU_THREADS=14  pool.NThreads()=14
geom                in_ch   out_ch      k    out_len     rows  chunks       wall_s     GMAC/s user/wall          fingerprint
dec_in_proj  k1        64     1024      1         20     1024      54      0.00006     21.758      6.18   0xabd52fefc5ba264c
conv_in      k7      1024     1536      7         20     1536      55      0.00467     47.143     13.78   0x8860389815e8d920
b0_res_conv1 k7       768      768      7        160      768      55      0.01171     56.393     13.56   0x373d2a1f7e82a4d9
b0_res_conv2 k1       768      768      1        160      768      55      0.00205     45.961     13.58   0xcdec065a5ab935b8
b1_res_conv1 k7       384      384      7       1280      384      55      0.01687     78.325     13.97   0x834f6cd897155883
b1_res_conv2 k1       384      384      1       1280      384      55      0.00387     48.762     13.85   0x5d0c5f7ba57096c0
b2_res_conv1 k7       192      192      7       5120      192      48      0.01664     79.391     13.73   0x1e2e62dfead50657
b2_res_conv2 k1       192      192      1       5120      192      48      0.00430     43.929     13.89   0xfe838e95937dfa87
b3_res_conv1 k7        96       96      7      10240       96      48      0.00830     79.572     13.33   0x3ffbbfa2b91f131f
b3_res_conv2 k1        96       96      1      10240       96      48      0.00211     44.775     12.93   0x6de339905347b401
conv_out     k7        96        1      7      10240        1       1      0.00016     43.608     15.41    0x418afd3b9451083
TOTAL(one of each)                                                           0.07074
RC=0
--- probe len=20 round=8 arm=D
# vt::Conv1d decomposition probe (#1334) -- threads=14 latents=20 repeats=2
# VLLM_CPP_CPU_THREADS=14  pool.NThreads()=14
geom                in_ch   out_ch      k    out_len     rows  chunks       wall_s     GMAC/s user/wall          fingerprint
dec_in_proj  k1        64     1024      1         20     1024      54      0.00008     16.949      9.44   0xabd52fefc5ba264c
conv_in      k7      1024     1536      7         20     1536      55      0.00478     46.095     13.78   0x8860389815e8d920
b0_res_conv1 k7       768      768      7        160      768      55      0.01037     63.697     13.54   0x373d2a1f7e82a4d9
b0_res_conv2 k1       768      768      1        160      768      55      0.00189     49.921     14.57   0xcdec065a5ab935b8
b1_res_conv1 k7       384      384      7       1280      384      55      0.01767     74.776     13.75   0x834f6cd897155883
b1_res_conv2 k1       384      384      1       1280      384      55      0.00551     34.278     13.10   0x5d0c5f7ba57096c0
b2_res_conv1 k7       192      192      7       5120      192      48      0.01662     79.496     13.85   0x1e2e62dfead50657
b2_res_conv2 k1       192      192      1       5120      192      48      0.00438     43.109     13.20   0xfe838e95937dfa87
b3_res_conv1 k7        96       96      7      10240       96      48      0.00833     79.292     13.81   0x3ffbbfa2b91f131f
b3_res_conv2 k1        96       96      1      10240       96      48      0.00235     40.087     13.34   0x6de339905347b401
conv_out     k7        96        1      7      10240        1       1      0.00017     41.702     14.54    0x418afd3b9451083
TOTAL(one of each)                                                           0.07214
RC=0
--- probe len=20 round=8 arm=C
# vt::Conv1d decomposition probe (#1334) -- threads=14 latents=20 repeats=2
# VLLM_CPP_CPU_THREADS=14  pool.NThreads()=14
geom                in_ch   out_ch      k    out_len     rows  chunks       wall_s     GMAC/s user/wall          fingerprint
dec_in_proj  k1        64     1024      1         20     1024      54      0.00005     29.079      7.41   0xabd52fefc5ba264c
conv_in      k7      1024     1536      7         20     1536      55      0.00474     46.438     14.21   0x8860389815e8d920
b0_res_conv1 k7       768      768      7        160      768      55      0.01081     61.097     13.64   0x373d2a1f7e82a4d9
b0_res_conv2 k1       768      768      1        160      768      55      0.00213     44.341     14.18   0xcdec065a5ab935b8
b1_res_conv1 k7       384      384      7       1280      384      55      0.01609     82.116     13.89   0x834f6cd897155883
b1_res_conv2 k1       384      384      1       1280      384      55      0.00442     42.681     13.44   0x5d0c5f7ba57096c0
b2_res_conv1 k7       192      192      7       5120      192      48      0.01653     79.907     13.85   0x1e2e62dfead50657
b2_res_conv2 k1       192      192      1       5120      192      48      0.00437     43.197     13.78   0xfe838e95937dfa87
b3_res_conv1 k7        96       96      7      10240       96      48      0.00837     78.910     14.12   0x3ffbbfa2b91f131f
b3_res_conv2 k1        96       96      1      10240       96      48      0.00213     44.229     12.01   0x6de339905347b401
conv_out     k7        96        1      7      10240        1       1      0.00016     43.973      8.13    0x418afd3b9451083
TOTAL(one of each)                                                           0.06980
RC=0
--- probe len=20 round=9 arm=C
# vt::Conv1d decomposition probe (#1334) -- threads=14 latents=20 repeats=2
# VLLM_CPP_CPU_THREADS=14  pool.NThreads()=14
geom                in_ch   out_ch      k    out_len     rows  chunks       wall_s     GMAC/s user/wall          fingerprint
dec_in_proj  k1        64     1024      1         20     1024      54      0.00005     28.352      8.52   0xabd52fefc5ba264c
conv_in      k7      1024     1536      7         20     1536      55      0.00451     48.845     14.26   0x8860389815e8d920
b0_res_conv1 k7       768      768      7        160      768      55      0.01035     63.843     13.91   0x373d2a1f7e82a4d9
b0_res_conv2 k1       768      768      1        160      768      55      0.00213     44.216     13.44   0xcdec065a5ab935b8
b1_res_conv1 k7       384      384      7       1280      384      55      0.01631     81.021     13.93   0x834f6cd897155883
b1_res_conv2 k1       384      384      1       1280      384      55      0.00349     54.065     13.84   0x5d0c5f7ba57096c0
b2_res_conv1 k7       192      192      7       5120      192      48      0.01651     80.035     13.82   0x1e2e62dfead50657
b2_res_conv2 k1       192      192      1       5120      192      48      0.00376     50.178     14.00   0xfe838e95937dfa87
b3_res_conv1 k7        96       96      7      10240       96      48      0.00829     79.661     13.95   0x3ffbbfa2b91f131f
b3_res_conv2 k1        96       96      1      10240       96      48      0.00194     48.659     11.89   0x6de339905347b401
conv_out     k7        96        1      7      10240        1       1      0.00018     38.378     15.23    0x418afd3b9451083
TOTAL(one of each)                                                           0.06752
RC=0
--- probe len=20 round=9 arm=D
# vt::Conv1d decomposition probe (#1334) -- threads=14 latents=20 repeats=2
# VLLM_CPP_CPU_THREADS=14  pool.NThreads()=14
geom                in_ch   out_ch      k    out_len     rows  chunks       wall_s     GMAC/s user/wall          fingerprint
dec_in_proj  k1        64     1024      1         20     1024      54      0.00006     20.333      7.23   0xabd52fefc5ba264c
conv_in      k7      1024     1536      7         20     1536      55      0.00458     48.129     13.85   0x8860389815e8d920
b0_res_conv1 k7       768      768      7        160      768      55      0.01101     60.010     13.70   0x373d2a1f7e82a4d9
b0_res_conv2 k1       768      768      1        160      768      55      0.00205     46.078     14.13   0xcdec065a5ab935b8
b1_res_conv1 k7       384      384      7       1280      384      55      0.01754     75.316     13.69   0x834f6cd897155883
b1_res_conv2 k1       384      384      1       1280      384      55      0.00417     45.262     13.80   0x5d0c5f7ba57096c0
b2_res_conv1 k7       192      192      7       5120      192      48      0.01655     79.841     13.81   0x1e2e62dfead50657
b2_res_conv2 k1       192      192      1       5120      192      48      0.00430     43.902     12.63   0xfe838e95937dfa87
b3_res_conv1 k7        96       96      7      10240       96      48      0.00918     71.973     13.08   0x3ffbbfa2b91f131f
b3_res_conv2 k1        96       96      1      10240       96      48      0.00286     33.035     12.06   0x6de339905347b401
conv_out     k7        96        1      7      10240        1       1      0.00016     43.668     12.55    0x418afd3b9451083
TOTAL(one of each)                                                           0.07245
RC=0
--- probe len=20 round=9 arm=D2
# vt::Conv1d decomposition probe (#1334) -- threads=14 latents=20 repeats=2
# VLLM_CPP_CPU_THREADS=14  pool.NThreads()=14
geom                in_ch   out_ch      k    out_len     rows  chunks       wall_s     GMAC/s user/wall          fingerprint
dec_in_proj  k1        64     1024      1         20     1024      54      0.00006     21.930      5.34   0xabd52fefc5ba264c
conv_in      k7      1024     1536      7         20     1536      55      0.00464     47.492     13.54   0x8860389815e8d920
b0_res_conv1 k7       768      768      7        160      768      55      0.01116     59.217     13.60   0x373d2a1f7e82a4d9
b0_res_conv2 k1       768      768      1        160      768      55      0.00206     45.921     14.09   0xcdec065a5ab935b8
b1_res_conv1 k7       384      384      7       1280      384      55      0.01685     78.392     13.93   0x834f6cd897155883
b1_res_conv2 k1       384      384      1       1280      384      55      0.00364     51.874     13.58   0x5d0c5f7ba57096c0
b2_res_conv1 k7       192      192      7       5120      192      48      0.01646     80.248     13.91   0x1e2e62dfead50657
b2_res_conv2 k1       192      192      1       5120      192      48      0.00385     48.972     12.86   0xfe838e95937dfa87
b3_res_conv1 k7        96       96      7      10240       96      48      0.00831     79.489     14.01   0x3ffbbfa2b91f131f
b3_res_conv2 k1        96       96      1      10240       96      48      0.00202     46.748     15.16   0x6de339905347b401
conv_out     k7        96        1      7      10240        1       1      0.00016     44.345     10.23    0x418afd3b9451083
TOTAL(one of each)                                                           0.06920
RC=0
--- probe len=20 round=10 arm=D2
# vt::Conv1d decomposition probe (#1334) -- threads=14 latents=20 repeats=2
# VLLM_CPP_CPU_THREADS=14  pool.NThreads()=14
geom                in_ch   out_ch      k    out_len     rows  chunks       wall_s     GMAC/s user/wall          fingerprint
dec_in_proj  k1        64     1024      1         20     1024      54      0.00006     22.555     15.37   0xabd52fefc5ba264c
conv_in      k7      1024     1536      7         20     1536      55      0.00450     48.940     13.84   0x8860389815e8d920
b0_res_conv1 k7       768      768      7        160      768      55      0.01076     61.418     13.81   0x373d2a1f7e82a4d9
b0_res_conv2 k1       768      768      1        160      768      55      0.00189     49.916     13.99   0xcdec065a5ab935b8
b1_res_conv1 k7       384      384      7       1280      384      55      0.01691     78.152     13.88   0x834f6cd897155883
b1_res_conv2 k1       384      384      1       1280      384      55      0.00392     48.090     13.69   0x5d0c5f7ba57096c0
b2_res_conv1 k7       192      192      7       5120      192      48      0.01653     79.936     13.77   0x1e2e62dfead50657
b2_res_conv2 k1       192      192      1       5120      192      48      0.00429     44.036     13.50   0xfe838e95937dfa87
b3_res_conv1 k7        96       96      7      10240       96      48      0.00834     79.254     13.88   0x3ffbbfa2b91f131f
b3_res_conv2 k1        96       96      1      10240       96      48      0.00209     45.094     13.12   0x6de339905347b401
conv_out     k7        96        1      7      10240        1       1      0.00016     44.022     10.27    0x418afd3b9451083
TOTAL(one of each)                                                           0.06943
RC=0
--- probe len=20 round=10 arm=D
# vt::Conv1d decomposition probe (#1334) -- threads=14 latents=20 repeats=2
# VLLM_CPP_CPU_THREADS=14  pool.NThreads()=14
geom                in_ch   out_ch      k    out_len     rows  chunks       wall_s     GMAC/s user/wall          fingerprint
dec_in_proj  k1        64     1024      1         20     1024      54      0.00012     10.558     11.33   0xabd52fefc5ba264c
conv_in      k7      1024     1536      7         20     1536      55      0.00641     34.343     13.87   0x8860389815e8d920
b0_res_conv1 k7       768      768      7        160      768      55      0.01073     61.538     13.64   0x373d2a1f7e82a4d9
b0_res_conv2 k1       768      768      1        160      768      55      0.00263     35.943     13.15   0xcdec065a5ab935b8
b1_res_conv1 k7       384      384      7       1280      384      55      0.01701     77.677     14.03   0x834f6cd897155883
b1_res_conv2 k1       384      384      1       1280      384      55      0.00383     49.225     13.73   0x5d0c5f7ba57096c0
b2_res_conv1 k7       192      192      7       5120      192      48      0.01650     80.063     13.92   0x1e2e62dfead50657
b2_res_conv2 k1       192      192      1       5120      192      48      0.00383     49.335     13.53   0xfe838e95937dfa87
b3_res_conv1 k7        96       96      7      10240       96      48      0.00839     78.774     13.80   0x3ffbbfa2b91f131f
b3_res_conv2 k1        96       96      1      10240       96      48      0.00196     48.074     14.77   0x6de339905347b401
conv_out     k7        96        1      7      10240        1       1      0.00016     42.462     13.22    0x418afd3b9451083
TOTAL(one of each)                                                           0.07158
RC=0
--- probe len=20 round=10 arm=C
# vt::Conv1d decomposition probe (#1334) -- threads=14 latents=20 repeats=2
# VLLM_CPP_CPU_THREADS=14  pool.NThreads()=14
geom                in_ch   out_ch      k    out_len     rows  chunks       wall_s     GMAC/s user/wall          fingerprint
dec_in_proj  k1        64     1024      1         20     1024      54      0.00006     21.566      4.21   0xabd52fefc5ba264c
conv_in      k7      1024     1536      7         20     1536      55      0.00479     45.964     14.35   0x8860389815e8d920
b0_res_conv1 k7       768      768      7        160      768      55      0.01070     61.714     13.65   0x373d2a1f7e82a4d9
b0_res_conv2 k1       768      768      1        160      768      55      0.00187     50.420     13.19   0xcdec065a5ab935b8
b1_res_conv1 k7       384      384      7       1280      384      55      0.01615     81.816     13.84   0x834f6cd897155883
b1_res_conv2 k1       384      384      1       1280      384      55      0.00376     50.169     13.21   0x5d0c5f7ba57096c0
b2_res_conv1 k7       192      192      7       5120      192      48      0.01649     80.132     13.69   0x1e2e62dfead50657
b2_res_conv2 k1       192      192      1       5120      192      48      0.00388     48.609     13.51   0xfe838e95937dfa87
b3_res_conv1 k7        96       96      7      10240       96      48      0.00830     79.589     14.04   0x3ffbbfa2b91f131f
b3_res_conv2 k1        96       96      1      10240       96      48      0.00197     47.904     11.88   0x6de339905347b401
conv_out     k7        96        1      7      10240        1       1      0.00098      6.995     12.57    0x418afd3b9451083
TOTAL(one of each)                                                           0.06896
RC=0
--- probe len=20 round=11 arm=C
# vt::Conv1d decomposition probe (#1334) -- threads=14 latents=20 repeats=2
# VLLM_CPP_CPU_THREADS=14  pool.NThreads()=14
geom                in_ch   out_ch      k    out_len     rows  chunks       wall_s     GMAC/s user/wall          fingerprint
dec_in_proj  k1        64     1024      1         20     1024      54      0.00006     22.445      6.47   0xabd52fefc5ba264c
conv_in      k7      1024     1536      7         20     1536      55      0.00456     48.281     14.00   0x8860389815e8d920
b0_res_conv1 k7       768      768      7        160      768      55      0.01064     62.094     13.42   0x373d2a1f7e82a4d9
b0_res_conv2 k1       768      768      1        160      768      55      0.00201     47.055     14.02   0xcdec065a5ab935b8
b1_res_conv1 k7       384      384      7       1280      384      55      0.01625     81.305     13.93   0x834f6cd897155883
b1_res_conv2 k1       384      384      1       1280      384      55      0.00419     45.020     13.91   0x5d0c5f7ba57096c0
b2_res_conv1 k7       192      192      7       5120      192      48      0.01658     79.673     13.73   0x1e2e62dfead50657
b2_res_conv2 k1       192      192      1       5120      192      48      0.00414     45.618     13.50   0xfe838e95937dfa87
b3_res_conv1 k7        96       96      7      10240       96      48      0.00838     78.807     13.64   0x3ffbbfa2b91f131f
b3_res_conv2 k1        96       96      1      10240       96      48      0.00207     45.541     13.60   0x6de339905347b401
conv_out     k7        96        1      7      10240        1       1      0.00015     44.430      8.09    0x418afd3b9451083
TOTAL(one of each)                                                           0.06904
RC=0
--- probe len=20 round=11 arm=D
# vt::Conv1d decomposition probe (#1334) -- threads=14 latents=20 repeats=2
# VLLM_CPP_CPU_THREADS=14  pool.NThreads()=14
geom                in_ch   out_ch      k    out_len     rows  chunks       wall_s     GMAC/s user/wall          fingerprint
dec_in_proj  k1        64     1024      1         20     1024      54      0.00007     19.241     13.09   0xabd52fefc5ba264c
conv_in      k7      1024     1536      7         20     1536      55      0.00487     45.214     12.90   0x8860389815e8d920
b0_res_conv1 k7       768      768      7        160      768      55      0.01089     60.666     14.04   0x373d2a1f7e82a4d9
b0_res_conv2 k1       768      768      1        160      768      55      0.00217     43.410     14.76   0xcdec065a5ab935b8
b1_res_conv1 k7       384      384      7       1280      384      55      0.01774     74.486     13.79   0x834f6cd897155883
b1_res_conv2 k1       384      384      1       1280      384      55      0.00430     43.889     13.08   0x5d0c5f7ba57096c0
b2_res_conv1 k7       192      192      7       5120      192      48      0.01655     79.814     14.05   0x1e2e62dfead50657
b2_res_conv2 k1       192      192      1       5120      192      48      0.00440     42.882     13.10   0xfe838e95937dfa87
b3_res_conv1 k7        96       96      7      10240       96      48      0.00835     79.161     13.92   0x3ffbbfa2b91f131f
b3_res_conv2 k1        96       96      1      10240       96      48      0.00212     44.580     15.05   0x6de339905347b401
conv_out     k7        96        1      7      10240        1       1      0.00017     40.924     18.05    0x418afd3b9451083
TOTAL(one of each)                                                           0.07162
RC=0
--- probe len=20 round=11 arm=D2
# vt::Conv1d decomposition probe (#1334) -- threads=14 latents=20 repeats=2
# VLLM_CPP_CPU_THREADS=14  pool.NThreads()=14
geom                in_ch   out_ch      k    out_len     rows  chunks       wall_s     GMAC/s user/wall          fingerprint
dec_in_proj  k1        64     1024      1         20     1024      54      0.00005     27.175      6.57   0xabd52fefc5ba264c
conv_in      k7      1024     1536      7         20     1536      55      0.00463     47.535     13.77   0x8860389815e8d920
b0_res_conv1 k7       768      768      7        160      768      55      0.01097     60.196     13.90   0x373d2a1f7e82a4d9
b0_res_conv2 k1       768      768      1        160      768      55      0.00339     27.814     13.38   0xcdec065a5ab935b8
b1_res_conv1 k7       384      384      7       1280      384      55      0.01711     77.233     13.73   0x834f6cd897155883
b1_res_conv2 k1       384      384      1       1280      384      55      0.00419     45.094     13.75   0x5d0c5f7ba57096c0
b2_res_conv1 k7       192      192      7       5120      192      48      0.01653     79.932     14.01   0x1e2e62dfead50657
b2_res_conv2 k1       192      192      1       5120      192      48      0.00437     43.153     13.93   0xfe838e95937dfa87
b3_res_conv1 k7        96       96      7      10240       96      48      0.00833     79.345     14.21   0x3ffbbfa2b91f131f
b3_res_conv2 k1        96       96      1      10240       96      48      0.00205     46.016     13.79   0x6de339905347b401
conv_out     k7        96        1      7      10240        1       1      0.00016     43.817     11.22    0x418afd3b9451083
TOTAL(one of each)                                                           0.07178
RC=0
--- probe len=20 round=12 arm=D2
# vt::Conv1d decomposition probe (#1334) -- threads=14 latents=20 repeats=2
# VLLM_CPP_CPU_THREADS=14  pool.NThreads()=14
geom                in_ch   out_ch      k    out_len     rows  chunks       wall_s     GMAC/s user/wall          fingerprint
dec_in_proj  k1        64     1024      1         20     1024      54      0.00008     17.004     11.70   0xabd52fefc5ba264c
conv_in      k7      1024     1536      7         20     1536      55      0.00501     43.942     13.87   0x8860389815e8d920
b0_res_conv1 k7       768      768      7        160      768      55      0.01110     59.533     13.93   0x373d2a1f7e82a4d9
b0_res_conv2 k1       768      768      1        160      768      55      0.00214     44.149     14.26   0xcdec065a5ab935b8
b1_res_conv1 k7       384      384      7       1280      384      55      0.01709     77.291     13.87   0x834f6cd897155883
b1_res_conv2 k1       384      384      1       1280      384      55      0.00398     47.397     13.95   0x5d0c5f7ba57096c0
b2_res_conv1 k7       192      192      7       5120      192      48      0.01657     79.742     14.05   0x1e2e62dfead50657
b2_res_conv2 k1       192      192      1       5120      192      48      0.00422     44.716     13.80   0xfe838e95937dfa87
b3_res_conv1 k7        96       96      7      10240       96      48      0.00835     79.092     14.23   0x3ffbbfa2b91f131f
b3_res_conv2 k1        96       96      1      10240       96      48      0.00210     44.993     12.46   0x6de339905347b401
conv_out     k7        96        1      7      10240        1       1      0.00017     41.456     13.20    0x418afd3b9451083
TOTAL(one of each)                                                           0.07080
RC=0
--- probe len=20 round=12 arm=D
# vt::Conv1d decomposition probe (#1334) -- threads=14 latents=20 repeats=2
# VLLM_CPP_CPU_THREADS=14  pool.NThreads()=14
geom                in_ch   out_ch      k    out_len     rows  chunks       wall_s     GMAC/s user/wall          fingerprint
dec_in_proj  k1        64     1024      1         20     1024      54      0.00005     27.888      4.32   0xabd52fefc5ba264c
conv_in      k7      1024     1536      7         20     1536      55      0.00572     38.515     13.63   0x8860389815e8d920
b0_res_conv1 k7       768      768      7        160      768      55      0.01099     60.106     13.96   0x373d2a1f7e82a4d9
b0_res_conv2 k1       768      768      1        160      768      55      0.00192     49.136     13.82   0xcdec065a5ab935b8
b1_res_conv1 k7       384      384      7       1280      384      55      0.01691     78.150     13.95   0x834f6cd897155883
b1_res_conv2 k1       384      384      1       1280      384      55      0.00466     40.481     13.60   0x5d0c5f7ba57096c0
b2_res_conv1 k7       192      192      7       5120      192      48      0.01660     79.602     13.71   0x1e2e62dfead50657
b2_res_conv2 k1       192      192      1       5120      192      48      0.00420     44.920     12.47   0xfe838e95937dfa87
b3_res_conv1 k7        96       96      7      10240       96      48      0.00834     79.191     13.93   0x3ffbbfa2b91f131f
b3_res_conv2 k1        96       96      1      10240       96      48      0.00208     45.384     13.97   0x6de339905347b401
conv_out     k7        96        1      7      10240        1       1      0.00016     43.035     13.33    0x418afd3b9451083
TOTAL(one of each)                                                           0.07162
RC=0
--- probe len=20 round=12 arm=C
# vt::Conv1d decomposition probe (#1334) -- threads=14 latents=20 repeats=2
# VLLM_CPP_CPU_THREADS=14  pool.NThreads()=14
geom                in_ch   out_ch      k    out_len     rows  chunks       wall_s     GMAC/s user/wall          fingerprint
dec_in_proj  k1        64     1024      1         20     1024      54      0.00008     17.049     10.59   0xabd52fefc5ba264c
conv_in      k7      1024     1536      7         20     1536      55      0.00456     48.334     14.00   0x8860389815e8d920
b0_res_conv1 k7       768      768      7        160      768      55      0.01092     60.503     13.51   0x373d2a1f7e82a4d9
b0_res_conv2 k1       768      768      1        160      768      55      0.00184     51.185     14.75   0xcdec065a5ab935b8
b1_res_conv1 k7       384      384      7       1280      384      55      0.01684     78.452     13.51   0x834f6cd897155883
b1_res_conv2 k1       384      384      1       1280      384      55      0.00428     44.109     13.83   0x5d0c5f7ba57096c0
b2_res_conv1 k7       192      192      7       5120      192      48      0.01656     79.774     14.09   0x1e2e62dfead50657
b2_res_conv2 k1       192      192      1       5120      192      48      0.00442     42.732     13.54   0xfe838e95937dfa87
b3_res_conv1 k7        96       96      7      10240       96      48      0.00832     79.403     13.91   0x3ffbbfa2b91f131f
b3_res_conv2 k1        96       96      1      10240       96      48      0.00207     45.585     12.92   0x6de339905347b401
conv_out     k7        96        1      7      10240        1       1      0.00016     44.245     12.37    0x418afd3b9451083
TOTAL(one of each)                                                           0.07004
RC=0
--- probe len=20 round=13 arm=C
# vt::Conv1d decomposition probe (#1334) -- threads=14 latents=20 repeats=2
# VLLM_CPP_CPU_THREADS=14  pool.NThreads()=14
geom                in_ch   out_ch      k    out_len     rows  chunks       wall_s     GMAC/s user/wall          fingerprint
dec_in_proj  k1        64     1024      1         20     1024      54      0.00004     36.635     10.96   0xabd52fefc5ba264c
conv_in      k7      1024     1536      7         20     1536      55      0.00943     23.354     10.11   0x8860389815e8d920
b0_res_conv1 k7       768      768      7        160      768      55      0.01313     50.322     12.75   0x373d2a1f7e82a4d9
b0_res_conv2 k1       768      768      1        160      768      55      0.00360     26.197     12.84   0xcdec065a5ab935b8
b1_res_conv1 k7       384      384      7       1280      384      55      0.02440     54.151     12.81   0x834f6cd897155883
b1_res_conv2 k1       384      384      1       1280      384      55      0.00807     23.398     12.90   0x5d0c5f7ba57096c0
b2_res_conv1 k7       192      192      7       5120      192      48      0.02143     61.654     12.61   0x1e2e62dfead50657
b2_res_conv2 k1       192      192      1       5120      192      48      0.00782     24.126     12.90   0xfe838e95937dfa87
b3_res_conv1 k7        96       96      7      10240       96      48      0.01055     62.637     12.70   0x3ffbbfa2b91f131f
b3_res_conv2 k1        96       96      1      10240       96      48      0.00267     35.388     12.72   0x6de339905347b401
conv_out     k7        96        1      7      10240        1       1      0.00019     36.782     13.23    0x418afd3b9451083
TOTAL(one of each)                                                           0.10131
RC=0
--- probe len=20 round=13 arm=D
# vt::Conv1d decomposition probe (#1334) -- threads=14 latents=20 repeats=2
# VLLM_CPP_CPU_THREADS=14  pool.NThreads()=14
geom                in_ch   out_ch      k    out_len     rows  chunks       wall_s     GMAC/s user/wall          fingerprint
dec_in_proj  k1        64     1024      1         20     1024      54      0.00006     22.573     13.69   0xabd52fefc5ba264c
conv_in      k7      1024     1536      7         20     1536      55      0.00788     27.953     12.77   0x8860389815e8d920
b0_res_conv1 k7       768      768      7        160      768      55      0.01111     59.472     13.18   0x373d2a1f7e82a4d9
b0_res_conv2 k1       768      768      1        160      768      55      0.00205     46.082     13.53   0xcdec065a5ab935b8
b1_res_conv1 k7       384      384      7       1280      384      55      0.01838     71.890     13.68   0x834f6cd897155883
b1_res_conv2 k1       384      384      1       1280      384      55      0.00405     46.611     13.91   0x5d0c5f7ba57096c0
b2_res_conv1 k7       192      192      7       5120      192      48      0.01669     79.138     13.85   0x1e2e62dfead50657
b2_res_conv2 k1       192      192      1       5120      192      48      0.00630     29.967     12.77   0xfe838e95937dfa87
b3_res_conv1 k7        96       96      7      10240       96      48      0.00835     79.153     13.82   0x3ffbbfa2b91f131f
b3_res_conv2 k1        96       96      1      10240       96      48      0.00212     44.511     13.71   0x6de339905347b401
conv_out     k7        96        1      7      10240        1       1      0.00016     42.606     13.57    0x418afd3b9451083
TOTAL(one of each)                                                           0.07714
RC=0
--- probe len=20 round=13 arm=D2
# vt::Conv1d decomposition probe (#1334) -- threads=14 latents=20 repeats=2
# VLLM_CPP_CPU_THREADS=14  pool.NThreads()=14
geom                in_ch   out_ch      k    out_len     rows  chunks       wall_s     GMAC/s user/wall          fingerprint
dec_in_proj  k1        64     1024      1         20     1024      54      0.00006     22.026      6.32   0xabd52fefc5ba264c
conv_in      k7      1024     1536      7         20     1536      55      0.00463     47.604     14.45   0x8860389815e8d920
b0_res_conv1 k7       768      768      7        160      768      55      0.01115     59.263     13.84   0x373d2a1f7e82a4d9
b0_res_conv2 k1       768      768      1        160      768      55      0.00197     48.014     13.08   0xcdec065a5ab935b8
b1_res_conv1 k7       384      384      7       1280      384      55      0.01888     69.980     13.31   0x834f6cd897155883
b1_res_conv2 k1       384      384      1       1280      384      55      0.00384     49.110     13.49   0x5d0c5f7ba57096c0
b2_res_conv1 k7       192      192      7       5120      192      48      0.01655     79.852     13.88   0x1e2e62dfead50657
b2_res_conv2 k1       192      192      1       5120      192      48      0.00415     45.459     13.41   0xfe838e95937dfa87
b3_res_conv1 k7        96       96      7      10240       96      48      0.00838     78.847     13.85   0x3ffbbfa2b91f131f
b3_res_conv2 k1        96       96      1      10240       96      48      0.00216     43.657     13.93   0x6de339905347b401
conv_out     k7        96        1      7      10240        1       1      0.00016     43.735     13.38    0x418afd3b9451083
TOTAL(one of each)                                                           0.07192
RC=0
--- probe len=20 round=14 arm=D2
# vt::Conv1d decomposition probe (#1334) -- threads=14 latents=20 repeats=2
# VLLM_CPP_CPU_THREADS=14  pool.NThreads()=14
geom                in_ch   out_ch      k    out_len     rows  chunks       wall_s     GMAC/s user/wall          fingerprint
dec_in_proj  k1        64     1024      1         20     1024      54      0.00007     19.702     11.14   0xabd52fefc5ba264c
conv_in      k7      1024     1536      7         20     1536      55      0.00517     42.592     13.64   0x8860389815e8d920
b0_res_conv1 k7       768      768      7        160      768      55      0.01170     56.446     13.93   0x373d2a1f7e82a4d9
b0_res_conv2 k1       768      768      1        160      768      55      0.00196     48.210     14.11   0xcdec065a5ab935b8
b1_res_conv1 k7       384      384      7       1280      384      55      0.01770     74.652     13.53   0x834f6cd897155883
b1_res_conv2 k1       384      384      1       1280      384      55      0.00381     49.534     13.92   0x5d0c5f7ba57096c0
b2_res_conv1 k7       192      192      7       5120      192      48      0.01655     79.834     13.80   0x1e2e62dfead50657
b2_res_conv2 k1       192      192      1       5120      192      48      0.00437     43.219     13.62   0xfe838e95937dfa87
b3_res_conv1 k7        96       96      7      10240       96      48      0.00910     72.588     13.19   0x3ffbbfa2b91f131f
b3_res_conv2 k1        96       96      1      10240       96      48      0.00211     44.623     13.74   0x6de339905347b401
conv_out     k7        96        1      7      10240        1       1      0.00018     38.641     12.21    0x418afd3b9451083
TOTAL(one of each)                                                           0.07272
RC=0
--- probe len=20 round=14 arm=D
# vt::Conv1d decomposition probe (#1334) -- threads=14 latents=20 repeats=2
# VLLM_CPP_CPU_THREADS=14  pool.NThreads()=14
geom                in_ch   out_ch      k    out_len     rows  chunks       wall_s     GMAC/s user/wall          fingerprint
dec_in_proj  k1        64     1024      1         20     1024      54      0.00004     31.804     10.05   0xabd52fefc5ba264c
conv_in      k7      1024     1536      7         20     1536      55      0.00540     40.804     13.56   0x8860389815e8d920
b0_res_conv1 k7       768      768      7        160      768      55      0.01121     58.930     13.93   0x373d2a1f7e82a4d9
b0_res_conv2 k1       768      768      1        160      768      55      0.00205     46.038     13.80   0xcdec065a5ab935b8
b1_res_conv1 k7       384      384      7       1280      384      55      0.01701     77.695     13.86   0x834f6cd897155883
b1_res_conv2 k1       384      384      1       1280      384      55      0.00410     46.076     13.53   0x5d0c5f7ba57096c0
b2_res_conv1 k7       192      192      7       5120      192      48      0.01674     78.920     13.70   0x1e2e62dfead50657
b2_res_conv2 k1       192      192      1       5120      192      48      0.00445     42.450     13.71   0xfe838e95937dfa87
b3_res_conv1 k7        96       96      7      10240       96      48      0.00841     78.527     14.03   0x3ffbbfa2b91f131f
b3_res_conv2 k1        96       96      1      10240       96      48      0.00214     44.167     15.71   0x6de339905347b401
conv_out     k7        96        1      7      10240        1       1      0.00017     39.934     14.33    0x418afd3b9451083
TOTAL(one of each)                                                           0.07171
RC=0
--- probe len=20 round=14 arm=C
# vt::Conv1d decomposition probe (#1334) -- threads=14 latents=20 repeats=2
# VLLM_CPP_CPU_THREADS=14  pool.NThreads()=14
geom                in_ch   out_ch      k    out_len     rows  chunks       wall_s     GMAC/s user/wall          fingerprint
dec_in_proj  k1        64     1024      1         20     1024      54      0.00006     21.691     13.93   0xabd52fefc5ba264c
conv_in      k7      1024     1536      7         20     1536      55      0.00467     47.145     14.41   0x8860389815e8d920
b0_res_conv1 k7       768      768      7        160      768      55      0.01064     62.070     13.95   0x373d2a1f7e82a4d9
b0_res_conv2 k1       768      768      1        160      768      55      0.00214     44.140     13.83   0xcdec065a5ab935b8
b1_res_conv1 k7       384      384      7       1280      384      55      0.01667     79.257     13.77   0x834f6cd897155883
b1_res_conv2 k1       384      384      1       1280      384      55      0.00387     48.757     13.74   0x5d0c5f7ba57096c0
b2_res_conv1 k7       192      192      7       5120      192      48      0.01691     78.128     13.43   0x1e2e62dfead50657
b2_res_conv2 k1       192      192      1       5120      192      48      0.00381     49.476     12.12   0xfe838e95937dfa87
b3_res_conv1 k7        96       96      7      10240       96      48      0.00832     79.397     13.89   0x3ffbbfa2b91f131f
b3_res_conv2 k1        96       96      1      10240       96      48      0.00197     47.895     13.37   0x6de339905347b401
conv_out     k7        96        1      7      10240        1       1      0.00015     44.473     10.17    0x418afd3b9451083
TOTAL(one of each)                                                           0.06922
RC=0
--- probe len=20 round=15 arm=C
# vt::Conv1d decomposition probe (#1334) -- threads=14 latents=20 repeats=2
# VLLM_CPP_CPU_THREADS=14  pool.NThreads()=14
geom                in_ch   out_ch      k    out_len     rows  chunks       wall_s     GMAC/s user/wall          fingerprint
dec_in_proj  k1        64     1024      1         20     1024      54      0.00046      2.837     11.79   0xabd52fefc5ba264c
conv_in      k7      1024     1536      7         20     1536      55      0.00660     33.350     11.91   0x8860389815e8d920
b0_res_conv1 k7       768      768      7        160      768      55      0.01070     61.712     13.86   0x373d2a1f7e82a4d9
b0_res_conv2 k1       768      768      1        160      768      55      0.00189     49.802     14.50   0xcdec065a5ab935b8
b1_res_conv1 k7       384      384      7       1280      384      55      0.01656     79.785     13.82   0x834f6cd897155883
b1_res_conv2 k1       384      384      1       1280      384      55      0.00407     46.396     14.01   0x5d0c5f7ba57096c0
b2_res_conv1 k7       192      192      7       5120      192      48      0.01653     79.908     13.93   0x1e2e62dfead50657
b2_res_conv2 k1       192      192      1       5120      192      48      0.00427     44.204     13.53   0xfe838e95937dfa87
b3_res_conv1 k7        96       96      7      10240       96      48      0.00835     79.133     14.34   0x3ffbbfa2b91f131f
b3_res_conv2 k1        96       96      1      10240       96      48      0.00219     43.156     12.92   0x6de339905347b401
conv_out     k7        96        1      7      10240        1       1      0.00016     43.504     15.61    0x418afd3b9451083
TOTAL(one of each)                                                           0.07179
RC=0
--- probe len=20 round=15 arm=D
# vt::Conv1d decomposition probe (#1334) -- threads=14 latents=20 repeats=2
# VLLM_CPP_CPU_THREADS=14  pool.NThreads()=14
geom                in_ch   out_ch      k    out_len     rows  chunks       wall_s     GMAC/s user/wall          fingerprint
dec_in_proj  k1        64     1024      1         20     1024      54      0.00006     22.111      1.01   0xabd52fefc5ba264c
conv_in      k7      1024     1536      7         20     1536      55      0.00479     45.968     13.86   0x8860389815e8d920
b0_res_conv1 k7       768      768      7        160      768      55      0.01059     62.388     13.70   0x373d2a1f7e82a4d9
b0_res_conv2 k1       768      768      1        160      768      55      0.00208     45.334     14.33   0xcdec065a5ab935b8
b1_res_conv1 k7       384      384      7       1280      384      55      0.01726     76.536     13.68   0x834f6cd897155883
b1_res_conv2 k1       384      384      1       1280      384      55      0.00438     43.053     14.74   0x5d0c5f7ba57096c0
b2_res_conv1 k7       192      192      7       5120      192      48      0.01655     79.816     13.89   0x1e2e62dfead50657
b2_res_conv2 k1       192      192      1       5120      192      48      0.00439     42.980     13.06   0xfe838e95937dfa87
b3_res_conv1 k7        96       96      7      10240       96      48      0.00833     79.349     13.58   0x3ffbbfa2b91f131f
b3_res_conv2 k1        96       96      1      10240       96      48      0.00217     43.585     11.01   0x6de339905347b401
conv_out     k7        96        1      7      10240        1       1      0.00016     44.017     12.15    0x418afd3b9451083
TOTAL(one of each)                                                           0.07076
RC=0
--- probe len=20 round=15 arm=D2
# vt::Conv1d decomposition probe (#1334) -- threads=14 latents=20 repeats=2
# VLLM_CPP_CPU_THREADS=14  pool.NThreads()=14
geom                in_ch   out_ch      k    out_len     rows  chunks       wall_s     GMAC/s user/wall          fingerprint
dec_in_proj  k1        64     1024      1         20     1024      54      0.00006     21.698      6.19   0xabd52fefc5ba264c
conv_in      k7      1024     1536      7         20     1536      55      0.00505     43.626     12.69   0x8860389815e8d920
b0_res_conv1 k7       768      768      7        160      768      55      0.01074     61.499     13.69   0x373d2a1f7e82a4d9
b0_res_conv2 k1       768      768      1        160      768      55      0.00218     43.280     14.44   0xcdec065a5ab935b8
b1_res_conv1 k7       384      384      7       1280      384      55      0.01711     77.206     13.85   0x834f6cd897155883
b1_res_conv2 k1       384      384      1       1280      384      55      0.00382     49.392     13.26   0x5d0c5f7ba57096c0
b2_res_conv1 k7       192      192      7       5120      192      48      0.01657     79.748     14.04   0x1e2e62dfead50657
b2_res_conv2 k1       192      192      1       5120      192      48      0.00416     45.370     13.52   0xfe838e95937dfa87
b3_res_conv1 k7        96       96      7      10240       96      48      0.00836     79.031     13.44   0x3ffbbfa2b91f131f
b3_res_conv2 k1        96       96      1      10240       96      48      0.00205     45.960     15.10   0x6de339905347b401
conv_out     k7        96        1      7      10240        1       1      0.00018     37.234     14.05    0x418afd3b9451083
TOTAL(one of each)                                                           0.07029
RC=0
--- probe len=20 round=16 arm=D2
# vt::Conv1d decomposition probe (#1334) -- threads=14 latents=20 repeats=2
# VLLM_CPP_CPU_THREADS=14  pool.NThreads()=14
geom                in_ch   out_ch      k    out_len     rows  chunks       wall_s     GMAC/s user/wall          fingerprint
dec_in_proj  k1        64     1024      1         20     1024      54      0.00006     22.012      8.28   0xabd52fefc5ba264c
conv_in      k7      1024     1536      7         20     1536      55      0.00456     48.256     14.03   0x8860389815e8d920
b0_res_conv1 k7       768      768      7        160      768      55      0.01042     63.416     13.66   0x373d2a1f7e82a4d9
b0_res_conv2 k1       768      768      1        160      768      55      0.00203     46.588     13.36   0xcdec065a5ab935b8
b1_res_conv1 k7       384      384      7       1280      384      55      0.01721     76.776     14.09   0x834f6cd897155883
b1_res_conv2 k1       384      384      1       1280      384      55      0.00414     45.619     13.96   0x5d0c5f7ba57096c0
b2_res_conv1 k7       192      192      7       5120      192      48      0.01656     79.794     13.92   0x1e2e62dfead50657
b2_res_conv2 k1       192      192      1       5120      192      48      0.00432     43.691     13.52   0xfe838e95937dfa87
b3_res_conv1 k7        96       96      7      10240       96      48      0.00834     79.245     13.01   0x3ffbbfa2b91f131f
b3_res_conv2 k1        96       96      1      10240       96      48      0.00210     45.043     14.05   0x6de339905347b401
conv_out     k7        96        1      7      10240        1       1      0.00016     44.137     11.24    0x418afd3b9451083
TOTAL(one of each)                                                           0.06988
RC=0
--- probe len=20 round=16 arm=D
# vt::Conv1d decomposition probe (#1334) -- threads=14 latents=20 repeats=2
# VLLM_CPP_CPU_THREADS=14  pool.NThreads()=14
geom                in_ch   out_ch      k    out_len     rows  chunks       wall_s     GMAC/s user/wall          fingerprint
dec_in_proj  k1        64     1024      1         20     1024      54      0.00004     35.257      9.47   0xabd52fefc5ba264c
conv_in      k7      1024     1536      7         20     1536      55      0.00721     30.523     14.21   0x8860389815e8d920
b0_res_conv1 k7       768      768      7        160      768      55      0.01221     54.102     13.89   0x373d2a1f7e82a4d9
b0_res_conv2 k1       768      768      1        160      768      55      0.00234     40.288     13.01   0xcdec065a5ab935b8
b1_res_conv1 k7       384      384      7       1280      384      55      0.01942     68.027     13.44   0x834f6cd897155883
b1_res_conv2 k1       384      384      1       1280      384      55      0.00428     44.139     13.83   0x5d0c5f7ba57096c0
b2_res_conv1 k7       192      192      7       5120      192      48      0.01658     79.687     13.73   0x1e2e62dfead50657
b2_res_conv2 k1       192      192      1       5120      192      48      0.00431     43.758     13.13   0xfe838e95937dfa87
b3_res_conv1 k7        96       96      7      10240       96      48      0.00831     79.537     13.66   0x3ffbbfa2b91f131f
b3_res_conv2 k1        96       96      1      10240       96      48      0.00208     45.435     13.61   0x6de339905347b401
conv_out     k7        96        1      7      10240        1       1      0.00018     38.829     12.19    0x418afd3b9451083
TOTAL(one of each)                                                           0.07696
RC=0
--- probe len=20 round=16 arm=C
# vt::Conv1d decomposition probe (#1334) -- threads=14 latents=20 repeats=2
# VLLM_CPP_CPU_THREADS=14  pool.NThreads()=14
geom                in_ch   out_ch      k    out_len     rows  chunks       wall_s     GMAC/s user/wall          fingerprint
dec_in_proj  k1        64     1024      1         20     1024      54      0.00008     17.412     11.08   0xabd52fefc5ba264c
conv_in      k7      1024     1536      7         20     1536      55      0.00469     46.983     13.93   0x8860389815e8d920
b0_res_conv1 k7       768      768      7        160      768      55      0.01098     60.172     13.88   0x373d2a1f7e82a4d9
b0_res_conv2 k1       768      768      1        160      768      55      0.00219     43.061     12.68   0xcdec065a5ab935b8
b1_res_conv1 k7       384      384      7       1280      384      55      0.01750     75.485     13.70   0x834f6cd897155883
b1_res_conv2 k1       384      384      1       1280      384      55      0.00399     47.353     14.25   0x5d0c5f7ba57096c0
b2_res_conv1 k7       192      192      7       5120      192      48      0.01677     78.783     13.94   0x1e2e62dfead50657
b2_res_conv2 k1       192      192      1       5120      192      48      0.00440     42.941     13.88   0xfe838e95937dfa87
b3_res_conv1 k7        96       96      7      10240       96      48      0.00838     78.858     13.90   0x3ffbbfa2b91f131f
b3_res_conv2 k1        96       96      1      10240       96      48      0.00209     45.057     16.53   0x6de339905347b401
conv_out     k7        96        1      7      10240        1       1      0.00017     39.420     13.53    0x418afd3b9451083
TOTAL(one of each)                                                           0.07123
RC=0
--- probe len=20 round=17 arm=C
# vt::Conv1d decomposition probe (#1334) -- threads=14 latents=20 repeats=2
# VLLM_CPP_CPU_THREADS=14  pool.NThreads()=14
geom                in_ch   out_ch      k    out_len     rows  chunks       wall_s     GMAC/s user/wall          fingerprint
dec_in_proj  k1        64     1024      1         20     1024      54      0.00006     21.839      3.13   0xabd52fefc5ba264c
conv_in      k7      1024     1536      7         20     1536      55      0.00463     47.589     13.19   0x8860389815e8d920
b0_res_conv1 k7       768      768      7        160      768      55      0.01090     60.612     13.95   0x373d2a1f7e82a4d9
b0_res_conv2 k1       768      768      1        160      768      55      0.00213     44.233     13.46   0xcdec065a5ab935b8
b1_res_conv1 k7       384      384      7       1280      384      55      0.01641     80.536     13.75   0x834f6cd897155883
b1_res_conv2 k1       384      384      1       1280      384      55      0.00404     46.767     13.42   0x5d0c5f7ba57096c0
b2_res_conv1 k7       192      192      7       5120      192      48      0.01651     80.021     13.91   0x1e2e62dfead50657
b2_res_conv2 k1       192      192      1       5120      192      48      0.00426     44.271     13.91   0xfe838e95937dfa87
b3_res_conv1 k7        96       96      7      10240       96      48      0.00835     79.149     13.80   0x3ffbbfa2b91f131f
b3_res_conv2 k1        96       96      1      10240       96      48      0.00208     45.389     12.96   0x6de339905347b401
conv_out     k7        96        1      7      10240        1       1      0.00016     43.291     13.21    0x418afd3b9451083
TOTAL(one of each)                                                           0.06952
RC=0
--- probe len=20 round=17 arm=D
# vt::Conv1d decomposition probe (#1334) -- threads=14 latents=20 repeats=2
# VLLM_CPP_CPU_THREADS=14  pool.NThreads()=14
geom                in_ch   out_ch      k    out_len     rows  chunks       wall_s     GMAC/s user/wall          fingerprint
dec_in_proj  k1        64     1024      1         20     1024      54      0.00005     28.656      8.75   0xabd52fefc5ba264c
conv_in      k7      1024     1536      7         20     1536      55      0.00455     48.416     13.83   0x8860389815e8d920
b0_res_conv1 k7       768      768      7        160      768      55      0.01072     61.626     13.70   0x373d2a1f7e82a4d9
b0_res_conv2 k1       768      768      1        160      768      55      0.00190     49.704     13.73   0xcdec065a5ab935b8
b1_res_conv1 k7       384      384      7       1280      384      55      0.01725     76.608     13.97   0x834f6cd897155883
b1_res_conv2 k1       384      384      1       1280      384      55      0.00377     50.126     13.57   0x5d0c5f7ba57096c0
b2_res_conv1 k7       192      192      7       5120      192      48      0.01650     80.067     13.88   0x1e2e62dfead50657
b2_res_conv2 k1       192      192      1       5120      192      48      0.00419     45.004     13.74   0xfe838e95937dfa87
b3_res_conv1 k7        96       96      7      10240       96      48      0.00828     79.772     13.90   0x3ffbbfa2b91f131f
b3_res_conv2 k1        96       96      1      10240       96      48      0.00206     45.911     13.96   0x6de339905347b401
conv_out     k7        96        1      7      10240        1       1      0.00016     43.952     11.19    0x418afd3b9451083
TOTAL(one of each)                                                           0.06941
RC=0
--- probe len=20 round=17 arm=D2
# vt::Conv1d decomposition probe (#1334) -- threads=14 latents=20 repeats=2
# VLLM_CPP_CPU_THREADS=14  pool.NThreads()=14
geom                in_ch   out_ch      k    out_len     rows  chunks       wall_s     GMAC/s user/wall          fingerprint
dec_in_proj  k1        64     1024      1         20     1024      54      0.00006     21.300     12.68   0xabd52fefc5ba264c
conv_in      k7      1024     1536      7         20     1536      55      0.00494     44.607     14.13   0x8860389815e8d920
b0_res_conv1 k7       768      768      7        160      768      55      0.01062     62.209     14.06   0x373d2a1f7e82a4d9
b0_res_conv2 k1       768      768      1        160      768      55      0.00196     48.128     13.44   0xcdec065a5ab935b8
b1_res_conv1 k7       384      384      7       1280      384      55      0.01782     74.124     13.74   0x834f6cd897155883
b1_res_conv2 k1       384      384      1       1280      384      55      0.00374     50.457     13.90   0x5d0c5f7ba57096c0
b2_res_conv1 k7       192      192      7       5120      192      48      0.01645     80.302     13.78   0x1e2e62dfead50657
b2_res_conv2 k1       192      192      1       5120      192      48      0.00377     50.037     13.08   0xfe838e95937dfa87
b3_res_conv1 k7        96       96      7      10240       96      48      0.00828     79.744     13.86   0x3ffbbfa2b91f131f
b3_res_conv2 k1        96       96      1      10240       96      48      0.00195     48.428     13.02   0x6de339905347b401
conv_out     k7        96        1      7      10240        1       1      0.00016     43.949     14.29    0x418afd3b9451083
TOTAL(one of each)                                                           0.06976
RC=0
--- probe len=20 round=18 arm=D2
# vt::Conv1d decomposition probe (#1334) -- threads=14 latents=20 repeats=2
# VLLM_CPP_CPU_THREADS=14  pool.NThreads()=14
geom                in_ch   out_ch      k    out_len     rows  chunks       wall_s     GMAC/s user/wall          fingerprint
dec_in_proj  k1        64     1024      1         20     1024      54      0.00008     17.228      9.33   0xabd52fefc5ba264c
conv_in      k7      1024     1536      7         20     1536      55      0.00467     47.132     13.53   0x8860389815e8d920
b0_res_conv1 k7       768      768      7        160      768      55      0.01088     60.727     13.89   0x373d2a1f7e82a4d9
b0_res_conv2 k1       768      768      1        160      768      55      0.00232     40.737     14.30   0xcdec065a5ab935b8
b1_res_conv1 k7       384      384      7       1280      384      55      0.01934     68.301     13.43   0x834f6cd897155883
b1_res_conv2 k1       384      384      1       1280      384      55      0.00386     48.944     13.95   0x5d0c5f7ba57096c0
b2_res_conv1 k7       192      192      7       5120      192      48      0.01649     80.136     13.89   0x1e2e62dfead50657
b2_res_conv2 k1       192      192      1       5120      192      48      0.00398     47.440     13.95   0xfe838e95937dfa87
b3_res_conv1 k7        96       96      7      10240       96      48      0.00828     79.736     13.92   0x3ffbbfa2b91f131f
b3_res_conv2 k1        96       96      1      10240       96      48      0.00196     48.196     11.00   0x6de339905347b401
conv_out     k7        96        1      7      10240        1       1      0.00016     43.471     14.31    0x418afd3b9451083
TOTAL(one of each)                                                           0.07201
RC=0
--- probe len=20 round=18 arm=D
# vt::Conv1d decomposition probe (#1334) -- threads=14 latents=20 repeats=2
# VLLM_CPP_CPU_THREADS=14  pool.NThreads()=14
geom                in_ch   out_ch      k    out_len     rows  chunks       wall_s     GMAC/s user/wall          fingerprint
dec_in_proj  k1        64     1024      1         20     1024      54      0.00006     22.356     12.98   0xabd52fefc5ba264c
conv_in      k7      1024     1536      7         20     1536      55      0.00487     45.248     14.31   0x8860389815e8d920
b0_res_conv1 k7       768      768      7        160      768      55      0.01062     62.221     13.59   0x373d2a1f7e82a4d9
b0_res_conv2 k1       768      768      1        160      768      55      0.00193     48.813     12.97   0xcdec065a5ab935b8
b1_res_conv1 k7       384      384      7       1280      384      55      0.01683     78.491     14.04   0x834f6cd897155883
b1_res_conv2 k1       384      384      1       1280      384      55      0.00400     47.137     13.73   0x5d0c5f7ba57096c0
b2_res_conv1 k7       192      192      7       5120      192      48      0.01652     79.964     13.77   0x1e2e62dfead50657
b2_res_conv2 k1       192      192      1       5120      192      48      0.00434     43.503     13.86   0xfe838e95937dfa87
b3_res_conv1 k7        96       96      7      10240       96      48      0.00834     79.222     13.50   0x3ffbbfa2b91f131f
b3_res_conv2 k1        96       96      1      10240       96      48      0.00213     44.308     12.36   0x6de339905347b401
conv_out     k7        96        1      7      10240        1       1      0.00016     44.316     12.26    0x418afd3b9451083
TOTAL(one of each)                                                           0.06980
RC=0
--- probe len=20 round=18 arm=C
# vt::Conv1d decomposition probe (#1334) -- threads=14 latents=20 repeats=2
# VLLM_CPP_CPU_THREADS=14  pool.NThreads()=14
geom                in_ch   out_ch      k    out_len     rows  chunks       wall_s     GMAC/s user/wall          fingerprint
dec_in_proj  k1        64     1024      1         20     1024      54      0.00004     31.676      6.57   0xabd52fefc5ba264c
conv_in      k7      1024     1536      7         20     1536      55      0.00481     45.766     14.32   0x8860389815e8d920
b0_res_conv1 k7       768      768      7        160      768      55      0.01173     56.300     14.05   0x373d2a1f7e82a4d9
b0_res_conv2 k1       768      768      1        160      768      55      0.00208     45.476     13.64   0xcdec065a5ab935b8
b1_res_conv1 k7       384      384      7       1280      384      55      0.01668     79.202     13.82   0x834f6cd897155883
b1_res_conv2 k1       384      384      1       1280      384      55      0.00398     47.370     13.48   0x5d0c5f7ba57096c0
b2_res_conv1 k7       192      192      7       5120      192      48      0.01662     79.489     14.04   0x1e2e62dfead50657
b2_res_conv2 k1       192      192      1       5120      192      48      0.00439     43.017     13.70   0xfe838e95937dfa87
b3_res_conv1 k7        96       96      7      10240       96      48      0.00831     79.465     13.04   0x3ffbbfa2b91f131f
b3_res_conv2 k1        96       96      1      10240       96      48      0.00206     45.821     14.01   0x6de339905347b401
conv_out     k7        96        1      7      10240        1       1      0.00017     41.368     13.14    0x418afd3b9451083
TOTAL(one of each)                                                           0.07088
RC=0
--- probe len=20 round=19 arm=C
# vt::Conv1d decomposition probe (#1334) -- threads=14 latents=20 repeats=2
# VLLM_CPP_CPU_THREADS=14  pool.NThreads()=14
geom                in_ch   out_ch      k    out_len     rows  chunks       wall_s     GMAC/s user/wall          fingerprint
dec_in_proj  k1        64     1024      1         20     1024      54      0.00006     22.205      8.37   0xabd52fefc5ba264c
conv_in      k7      1024     1536      7         20     1536      55      0.00479     45.991     13.73   0x8860389815e8d920
b0_res_conv1 k7       768      768      7        160      768      55      0.01122     58.859     13.51   0x373d2a1f7e82a4d9
b0_res_conv2 k1       768      768      1        160      768      55      0.00197     47.835     14.38   0xcdec065a5ab935b8
b1_res_conv1 k7       384      384      7       1280      384      55      0.01672     79.007     13.79   0x834f6cd897155883
b1_res_conv2 k1       384      384      1       1280      384      55      0.00424     44.494     13.64   0x5d0c5f7ba57096c0
b2_res_conv1 k7       192      192      7       5120      192      48      0.01664     79.382     13.67   0x1e2e62dfead50657
b2_res_conv2 k1       192      192      1       5120      192      48      0.00420     44.907     13.06   0xfe838e95937dfa87
b3_res_conv1 k7        96       96      7      10240       96      48      0.00836     79.066     13.67   0x3ffbbfa2b91f131f
b3_res_conv2 k1        96       96      1      10240       96      48      0.00207     45.504     13.91   0x6de339905347b401
conv_out     k7        96        1      7      10240        1       1      0.00016     43.251     15.41    0x418afd3b9451083
TOTAL(one of each)                                                           0.07044
RC=0
--- probe len=20 round=19 arm=D
# vt::Conv1d decomposition probe (#1334) -- threads=14 latents=20 repeats=2
# VLLM_CPP_CPU_THREADS=14  pool.NThreads()=14
geom                in_ch   out_ch      k    out_len     rows  chunks       wall_s     GMAC/s user/wall          fingerprint
dec_in_proj  k1        64     1024      1         20     1024      54      0.00006     20.596      1.01   0xabd52fefc5ba264c
conv_in      k7      1024     1536      7         20     1536      55      0.00454     48.513     13.54   0x8860389815e8d920
b0_res_conv1 k7       768      768      7        160      768      55      0.01087     60.775     13.54   0x373d2a1f7e82a4d9
b0_res_conv2 k1       768      768      1        160      768      55      0.00194     48.738     14.63   0xcdec065a5ab935b8
b1_res_conv1 k7       384      384      7       1280      384      55      0.01718     76.910     13.85   0x834f6cd897155883
b1_res_conv2 k1       384      384      1       1280      384      55      0.00384     49.146     14.03   0x5d0c5f7ba57096c0
b2_res_conv1 k7       192      192      7       5120      192      48      0.01650     80.050     13.93   0x1e2e62dfead50657
b2_res_conv2 k1       192      192      1       5120      192      48      0.00435     43.350     13.52   0xfe838e95937dfa87
b3_res_conv1 k7        96       96      7      10240       96      48      0.00832     79.435     13.78   0x3ffbbfa2b91f131f
b3_res_conv2 k1        96       96      1      10240       96      48      0.00211     44.813      9.96   0x6de339905347b401
conv_out     k7        96        1      7      10240        1       1      0.00016     43.514     15.42    0x418afd3b9451083
TOTAL(one of each)                                                           0.06987
RC=0
--- probe len=20 round=19 arm=D2
# vt::Conv1d decomposition probe (#1334) -- threads=14 latents=20 repeats=2
# VLLM_CPP_CPU_THREADS=14  pool.NThreads()=14
geom                in_ch   out_ch      k    out_len     rows  chunks       wall_s     GMAC/s user/wall          fingerprint
dec_in_proj  k1        64     1024      1         20     1024      54      0.00004     32.165     11.75   0xabd52fefc5ba264c
conv_in      k7      1024     1536      7         20     1536      55      0.00748     29.452     13.48   0x8860389815e8d920
b0_res_conv1 k7       768      768      7        160      768      55      0.01121     58.927     13.83   0x373d2a1f7e82a4d9
b0_res_conv2 k1       768      768      1        160      768      55      0.00210     44.837     13.96   0xcdec065a5ab935b8
b1_res_conv1 k7       384      384      7       1280      384      55      0.01721     76.781     13.91   0x834f6cd897155883
b1_res_conv2 k1       384      384      1       1280      384      55      0.00392     48.097     13.95   0x5d0c5f7ba57096c0
b2_res_conv1 k7       192      192      7       5120      192      48      0.01653     79.935     13.96   0x1e2e62dfead50657
b2_res_conv2 k1       192      192      1       5120      192      48      0.00425     44.443     12.03   0xfe838e95937dfa87
b3_res_conv1 k7        96       96      7      10240       96      48      0.00834     79.185     13.64   0x3ffbbfa2b91f131f
b3_res_conv2 k1        96       96      1      10240       96      48      0.00207     45.647     14.62   0x6de339905347b401
conv_out     k7        96        1      7      10240        1       1      0.00016     43.850     13.38    0x418afd3b9451083
TOTAL(one of each)                                                           0.07331
RC=0
--- probe len=20 round=20 arm=D2
# vt::Conv1d decomposition probe (#1334) -- threads=14 latents=20 repeats=2
# VLLM_CPP_CPU_THREADS=14  pool.NThreads()=14
geom                in_ch   out_ch      k    out_len     rows  chunks       wall_s     GMAC/s user/wall          fingerprint
dec_in_proj  k1        64     1024      1         20     1024      54      0.00007     18.063     16.21   0xabd52fefc5ba264c
conv_in      k7      1024     1536      7         20     1536      55      0.00466     47.278     13.68   0x8860389815e8d920
b0_res_conv1 k7       768      768      7        160      768      55      0.01074     61.507     13.66   0x373d2a1f7e82a4d9
b0_res_conv2 k1       768      768      1        160      768      55      0.00186     50.827     14.48   0xcdec065a5ab935b8
b1_res_conv1 k7       384      384      7       1280      384      55      0.01682     78.559     13.99   0x834f6cd897155883
b1_res_conv2 k1       384      384      1       1280      384      55      0.00366     51.611     13.98   0x5d0c5f7ba57096c0
b2_res_conv1 k7       192      192      7       5120      192      48      0.01645     80.300     13.91   0x1e2e62dfead50657
b2_res_conv2 k1       192      192      1       5120      192      48      0.00386     48.859     13.01   0xfe838e95937dfa87
b3_res_conv1 k7        96       96      7      10240       96      48      0.00827     79.925     13.88   0x3ffbbfa2b91f131f
b3_res_conv2 k1        96       96      1      10240       96      48      0.00194     48.752     14.08   0x6de339905347b401
conv_out     k7        96        1      7      10240        1       1      0.00015     44.735      7.92    0x418afd3b9451083
TOTAL(one of each)                                                           0.06847
RC=0
--- probe len=20 round=20 arm=D
# vt::Conv1d decomposition probe (#1334) -- threads=14 latents=20 repeats=2
# VLLM_CPP_CPU_THREADS=14  pool.NThreads()=14
geom                in_ch   out_ch      k    out_len     rows  chunks       wall_s     GMAC/s user/wall          fingerprint
dec_in_proj  k1        64     1024      1         20     1024      54      0.00007     19.983     15.44   0xabd52fefc5ba264c
conv_in      k7      1024     1536      7         20     1536      55      0.00528     41.708     13.31   0x8860389815e8d920
b0_res_conv1 k7       768      768      7        160      768      55      0.01094     60.378     14.05   0x373d2a1f7e82a4d9
b0_res_conv2 k1       768      768      1        160      768      55      0.00184     51.324     13.09   0xcdec065a5ab935b8
b1_res_conv1 k7       384      384      7       1280      384      55      0.01738     76.009     13.79   0x834f6cd897155883
b1_res_conv2 k1       384      384      1       1280      384      55      0.00402     46.971     13.91   0x5d0c5f7ba57096c0
b2_res_conv1 k7       192      192      7       5120      192      48      0.01656     79.804     13.92   0x1e2e62dfead50657
b2_res_conv2 k1       192      192      1       5120      192      48      0.00416     45.364     13.37   0xfe838e95937dfa87
b3_res_conv1 k7        96       96      7      10240       96      48      0.00830     79.607     13.91   0x3ffbbfa2b91f131f
b3_res_conv2 k1        96       96      1      10240       96      48      0.00208     45.424     13.96   0x6de339905347b401
conv_out     k7        96        1      7      10240        1       1      0.00016     43.583     14.18    0x418afd3b9451083
TOTAL(one of each)                                                           0.07078
RC=0
--- probe len=20 round=20 arm=C
# vt::Conv1d decomposition probe (#1334) -- threads=14 latents=20 repeats=2
# VLLM_CPP_CPU_THREADS=14  pool.NThreads()=14
geom                in_ch   out_ch      k    out_len     rows  chunks       wall_s     GMAC/s user/wall          fingerprint
dec_in_proj  k1        64     1024      1         20     1024      54      0.00006     21.758      7.29   0xabd52fefc5ba264c
conv_in      k7      1024     1536      7         20     1536      55      0.00461     47.725     13.83   0x8860389815e8d920
b0_res_conv1 k7       768      768      7        160      768      55      0.01066     61.985     13.54   0x373d2a1f7e82a4d9
b0_res_conv2 k1       768      768      1        160      768      55      0.00196     48.122     12.48   0xcdec065a5ab935b8
b1_res_conv1 k7       384      384      7       1280      384      55      0.01625     81.329     13.85   0x834f6cd897155883
b1_res_conv2 k1       384      384      1       1280      384      55      0.00395     47.799     13.75   0x5d0c5f7ba57096c0
b2_res_conv1 k7       192      192      7       5120      192      48      0.01652     79.960     13.83   0x1e2e62dfead50657
b2_res_conv2 k1       192      192      1       5120      192      48      0.00425     44.448     13.73   0xfe838e95937dfa87
b3_res_conv1 k7        96       96      7      10240       96      48      0.00833     79.271     13.45   0x3ffbbfa2b91f131f
b3_res_conv2 k1        96       96      1      10240       96      48      0.00208     45.478     12.02   0x6de339905347b401
conv_out     k7        96        1      7      10240        1       1      0.00015     44.401     10.07    0x418afd3b9451083
TOTAL(one of each)                                                           0.06882
RC=0
--- probe len=20 round=21 arm=C
# vt::Conv1d decomposition probe (#1334) -- threads=14 latents=20 repeats=2
# VLLM_CPP_CPU_THREADS=14  pool.NThreads()=14
geom                in_ch   out_ch      k    out_len     rows  chunks       wall_s     GMAC/s user/wall          fingerprint
dec_in_proj  k1        64     1024      1         20     1024      54      0.00006     21.530      4.09   0xabd52fefc5ba264c
conv_in      k7      1024     1536      7         20     1536      55      0.00464     47.485     13.52   0x8860389815e8d920
b0_res_conv1 k7       768      768      7        160      768      55      0.01112     59.399     13.18   0x373d2a1f7e82a4d9
b0_res_conv2 k1       768      768      1        160      768      55      0.00198     47.571     14.90   0xcdec065a5ab935b8
b1_res_conv1 k7       384      384      7       1280      384      55      0.01639     80.626     13.88   0x834f6cd897155883
b1_res_conv2 k1       384      384      1       1280      384      55      0.00385     49.007     13.99   0x5d0c5f7ba57096c0
b2_res_conv1 k7       192      192      7       5120      192      48      0.01645     80.301     13.62   0x1e2e62dfead50657
b2_res_conv2 k1       192      192      1       5120      192      48      0.00385     48.969     13.56   0xfe838e95937dfa87
b3_res_conv1 k7        96       96      7      10240       96      48      0.00825     80.081     13.87   0x3ffbbfa2b91f131f
b3_res_conv2 k1        96       96      1      10240       96      48      0.00197     47.893     14.86   0x6de339905347b401
conv_out     k7        96        1      7      10240        1       1      0.00015     44.456      9.19    0x418afd3b9451083
TOTAL(one of each)                                                           0.06872
RC=0
--- probe len=20 round=21 arm=D
# vt::Conv1d decomposition probe (#1334) -- threads=14 latents=20 repeats=2
# VLLM_CPP_CPU_THREADS=14  pool.NThreads()=14
geom                in_ch   out_ch      k    out_len     rows  chunks       wall_s     GMAC/s user/wall          fingerprint
dec_in_proj  k1        64     1024      1         20     1024      54      0.00006     22.101      8.40   0xabd52fefc5ba264c
conv_in      k7      1024     1536      7         20     1536      55      0.00463     47.565     13.71   0x8860389815e8d920
b0_res_conv1 k7       768      768      7        160      768      55      0.01228     53.802     13.59   0x373d2a1f7e82a4d9
b0_res_conv2 k1       768      768      1        160      768      55      0.00192     49.029     12.96   0xcdec065a5ab935b8
b1_res_conv1 k7       384      384      7       1280      384      55      0.01725     76.596     13.66   0x834f6cd897155883
b1_res_conv2 k1       384      384      1       1280      384      55      0.00389     48.487     13.98   0x5d0c5f7ba57096c0
b2_res_conv1 k7       192      192      7       5120      192      48      0.01656     79.792     13.98   0x1e2e62dfead50657
b2_res_conv2 k1       192      192      1       5120      192      48      0.00438     43.084     13.89   0xfe838e95937dfa87
b3_res_conv1 k7        96       96      7      10240       96      48      0.00835     79.088     13.58   0x3ffbbfa2b91f131f
b3_res_conv2 k1        96       96      1      10240       96      48      0.00213     44.275     13.61   0x6de339905347b401
conv_out     k7        96        1      7      10240        1       1      0.00016     43.253     15.51    0x418afd3b9451083
TOTAL(one of each)                                                           0.07162
RC=0
--- probe len=20 round=21 arm=D2
# vt::Conv1d decomposition probe (#1334) -- threads=14 latents=20 repeats=2
# VLLM_CPP_CPU_THREADS=14  pool.NThreads()=14
geom                in_ch   out_ch      k    out_len     rows  chunks       wall_s     GMAC/s user/wall          fingerprint
dec_in_proj  k1        64     1024      1         20     1024      54      0.00006     22.613     12.51   0xabd52fefc5ba264c
conv_in      k7      1024     1536      7         20     1536      55      0.00503     43.804     12.63   0x8860389815e8d920
b0_res_conv1 k7       768      768      7        160      768      55      0.01038     63.654     14.05   0x373d2a1f7e82a4d9
b0_res_conv2 k1       768      768      1        160      768      55      0.00199     47.456     13.50   0xcdec065a5ab935b8
b1_res_conv1 k7       384      384      7       1280      384      55      0.01706     77.450     14.01   0x834f6cd897155883
b1_res_conv2 k1       384      384      1       1280      384      55      0.00408     46.220     13.79   0x5d0c5f7ba57096c0
b2_res_conv1 k7       192      192      7       5120      192      48      0.01656     79.780     13.77   0x1e2e62dfead50657
b2_res_conv2 k1       192      192      1       5120      192      48      0.00438     43.059     13.77   0xfe838e95937dfa87
b3_res_conv1 k7        96       96      7      10240       96      48      0.00836     78.988     13.89   0x3ffbbfa2b91f131f
b3_res_conv2 k1        96       96      1      10240       96      48      0.00209     45.210     12.92   0x6de339905347b401
conv_out     k7        96        1      7      10240        1       1      0.00016     43.113     16.33    0x418afd3b9451083
TOTAL(one of each)                                                           0.07015
RC=0
--- probe len=20 round=22 arm=D2
# vt::Conv1d decomposition probe (#1334) -- threads=14 latents=20 repeats=2
# VLLM_CPP_CPU_THREADS=14  pool.NThreads()=14
geom                in_ch   out_ch      k    out_len     rows  chunks       wall_s     GMAC/s user/wall          fingerprint
dec_in_proj  k1        64     1024      1         20     1024      54      0.00006     22.170      6.31   0xabd52fefc5ba264c
conv_in      k7      1024     1536      7         20     1536      55      0.00473     46.527     13.92   0x8860389815e8d920
b0_res_conv1 k7       768      768      7        160      768      55      0.01097     60.245     13.82   0x373d2a1f7e82a4d9
b0_res_conv2 k1       768      768      1        160      768      55      0.00230     41.103     13.00   0xcdec065a5ab935b8
b1_res_conv1 k7       384      384      7       1280      384      55      0.01690     78.170     13.90   0x834f6cd897155883
b1_res_conv2 k1       384      384      1       1280      384      55      0.00380     49.682     14.67   0x5d0c5f7ba57096c0
b2_res_conv1 k7       192      192      7       5120      192      48      0.01653     79.936     13.83   0x1e2e62dfead50657
b2_res_conv2 k1       192      192      1       5120      192      48      0.00415     45.475     13.11   0xfe838e95937dfa87
b3_res_conv1 k7        96       96      7      10240       96      48      0.00833     79.347     13.76   0x3ffbbfa2b91f131f
b3_res_conv2 k1        96       96      1      10240       96      48      0.00209     45.111     13.40   0x6de339905347b401
conv_out     k7        96        1      7      10240        1       1      0.00016     44.140     10.17    0x418afd3b9451083
TOTAL(one of each)                                                           0.07001
RC=0
--- probe len=20 round=22 arm=D
# vt::Conv1d decomposition probe (#1334) -- threads=14 latents=20 repeats=2
# VLLM_CPP_CPU_THREADS=14  pool.NThreads()=14
geom                in_ch   out_ch      k    out_len     rows  chunks       wall_s     GMAC/s user/wall          fingerprint
dec_in_proj  k1        64     1024      1         20     1024      54      0.00005     28.081     15.43   0xabd52fefc5ba264c
conv_in      k7      1024     1536      7         20     1536      55      0.00531     41.436     14.42   0x8860389815e8d920
b0_res_conv1 k7       768      768      7        160      768      55      0.01061     62.261     13.92   0x373d2a1f7e82a4d9
b0_res_conv2 k1       768      768      1        160      768      55      0.00192     49.250     12.98   0xcdec065a5ab935b8
b1_res_conv1 k7       384      384      7       1280      384      55      0.01691     78.119     13.76   0x834f6cd897155883
b1_res_conv2 k1       384      384      1       1280      384      55      0.00396     47.646     13.97   0x5d0c5f7ba57096c0
b2_res_conv1 k7       192      192      7       5120      192      48      0.01748     75.574     13.27   0x1e2e62dfead50657
b2_res_conv2 k1       192      192      1       5120      192      48      0.00427     44.224     13.42   0xfe838e95937dfa87
b3_res_conv1 k7        96       96      7      10240       96      48      0.00831     79.536     13.71   0x3ffbbfa2b91f131f
b3_res_conv2 k1        96       96      1      10240       96      48      0.00207     45.614     13.92   0x6de339905347b401
conv_out     k7        96        1      7      10240        1       1      0.00016     43.812     13.33    0x418afd3b9451083
TOTAL(one of each)                                                           0.07104
RC=0
--- probe len=20 round=22 arm=C
# vt::Conv1d decomposition probe (#1334) -- threads=14 latents=20 repeats=2
# VLLM_CPP_CPU_THREADS=14  pool.NThreads()=14
geom                in_ch   out_ch      k    out_len     rows  chunks       wall_s     GMAC/s user/wall          fingerprint
dec_in_proj  k1        64     1024      1         20     1024      54      0.00006     21.845      6.18   0xabd52fefc5ba264c
conv_in      k7      1024     1536      7         20     1536      55      0.00454     48.500     13.79   0x8860389815e8d920
b0_res_conv1 k7       768      768      7        160      768      55      0.01068     61.880     13.91   0x373d2a1f7e82a4d9
b0_res_conv2 k1       768      768      1        160      768      55      0.00207     45.614     13.62   0xcdec065a5ab935b8
b1_res_conv1 k7       384      384      7       1280      384      55      0.01610     82.070     13.88   0x834f6cd897155883
b1_res_conv2 k1       384      384      1       1280      384      55      0.00418     45.116     13.32   0x5d0c5f7ba57096c0
b2_res_conv1 k7       192      192      7       5120      192      48      0.01653     79.931     13.92   0x1e2e62dfead50657
b2_res_conv2 k1       192      192      1       5120      192      48      0.00430     43.860     13.89   0xfe838e95937dfa87
b3_res_conv1 k7        96       96      7      10240       96      48      0.00832     79.446     13.48   0x3ffbbfa2b91f131f
b3_res_conv2 k1        96       96      1      10240       96      48      0.00212     44.611     14.15   0x6de339905347b401
conv_out     k7        96        1      7      10240        1       1      0.00016     43.719     10.19    0x418afd3b9451083
TOTAL(one of each)                                                           0.06905
RC=0
--- probe len=20 round=23 arm=C
# vt::Conv1d decomposition probe (#1334) -- threads=14 latents=20 repeats=2
# VLLM_CPP_CPU_THREADS=14  pool.NThreads()=14
geom                in_ch   out_ch      k    out_len     rows  chunks       wall_s     GMAC/s user/wall          fingerprint
dec_in_proj  k1        64     1024      1         20     1024      54      0.00005     28.193     10.15   0xabd52fefc5ba264c
conv_in      k7      1024     1536      7         20     1536      55      0.00462     47.655     13.12   0x8860389815e8d920
b0_res_conv1 k7       768      768      7        160      768      55      0.01075     61.473     14.02   0x373d2a1f7e82a4d9
b0_res_conv2 k1       768      768      1        160      768      55      0.00191     49.381     13.06   0xcdec065a5ab935b8
b1_res_conv1 k7       384      384      7       1280      384      55      0.01612     81.980     13.91   0x834f6cd897155883
b1_res_conv2 k1       384      384      1       1280      384      55      0.00400     47.163     13.37   0x5d0c5f7ba57096c0
b2_res_conv1 k7       192      192      7       5120      192      48      0.01664     79.405     13.78   0x1e2e62dfead50657
b2_res_conv2 k1       192      192      1       5120      192      48      0.00419     45.039     12.65   0xfe838e95937dfa87
b3_res_conv1 k7        96       96      7      10240       96      48      0.00832     79.420     13.85   0x3ffbbfa2b91f131f
b3_res_conv2 k1        96       96      1      10240       96      48      0.00242     39.059     13.07   0x6de339905347b401
conv_out     k7        96        1      7      10240        1       1      0.00016     43.660     13.40    0x418afd3b9451083
TOTAL(one of each)                                                           0.06916
RC=0
--- probe len=20 round=23 arm=D
# vt::Conv1d decomposition probe (#1334) -- threads=14 latents=20 repeats=2
# VLLM_CPP_CPU_THREADS=14  pool.NThreads()=14
geom                in_ch   out_ch      k    out_len     rows  chunks       wall_s     GMAC/s user/wall          fingerprint
dec_in_proj  k1        64     1024      1         20     1024      54      0.00007     17.871     13.84   0xabd52fefc5ba264c
conv_in      k7      1024     1536      7         20     1536      55      0.00561     39.278     14.36   0x8860389815e8d920
b0_res_conv1 k7       768      768      7        160      768      55      0.01107     59.687     13.67   0x373d2a1f7e82a4d9
b0_res_conv2 k1       768      768      1        160      768      55      0.00201     47.013     14.40   0xcdec065a5ab935b8
b1_res_conv1 k7       384      384      7       1280      384      55      0.01702     77.633     14.00   0x834f6cd897155883
b1_res_conv2 k1       384      384      1       1280      384      55      0.00372     50.709     13.28   0x5d0c5f7ba57096c0
b2_res_conv1 k7       192      192      7       5120      192      48      0.01657     79.716     13.72   0x1e2e62dfead50657
b2_res_conv2 k1       192      192      1       5120      192      48      0.00426     44.285     13.60   0xfe838e95937dfa87
b3_res_conv1 k7        96       96      7      10240       96      48      0.00842     78.488     13.82   0x3ffbbfa2b91f131f
b3_res_conv2 k1        96       96      1      10240       96      48      0.00207     45.582     13.92   0x6de339905347b401
conv_out     k7        96        1      7      10240        1       1      0.00018     38.899     13.20    0x418afd3b9451083
TOTAL(one of each)                                                           0.07100
RC=0
--- probe len=20 round=23 arm=D2
# vt::Conv1d decomposition probe (#1334) -- threads=14 latents=20 repeats=2
# VLLM_CPP_CPU_THREADS=14  pool.NThreads()=14
geom                in_ch   out_ch      k    out_len     rows  chunks       wall_s     GMAC/s user/wall          fingerprint
dec_in_proj  k1        64     1024      1         20     1024      54      0.00009     13.971     19.71   0xabd52fefc5ba264c
conv_in      k7      1024     1536      7         20     1536      55      0.00462     47.680     13.26   0x8860389815e8d920
b0_res_conv1 k7       768      768      7        160      768      55      0.01132     58.337     13.13   0x373d2a1f7e82a4d9
b0_res_conv2 k1       768      768      1        160      768      55      0.00213     44.276     11.86   0xcdec065a5ab935b8
b1_res_conv1 k7       384      384      7       1280      384      55      0.02012     65.658     13.15   0x834f6cd897155883
b1_res_conv2 k1       384      384      1       1280      384      55      0.00383     49.228     13.06   0x5d0c5f7ba57096c0
b2_res_conv1 k7       192      192      7       5120      192      48      0.01872     70.590     13.06   0x1e2e62dfead50657
b2_res_conv2 k1       192      192      1       5120      192      48      0.00502     37.607     13.68   0xfe838e95937dfa87
b3_res_conv1 k7        96       96      7      10240       96      48      0.00866     76.285     13.06   0x3ffbbfa2b91f131f
b3_res_conv2 k1        96       96      1      10240       96      48      0.00198     47.599     13.10   0x6de339905347b401
conv_out     k7        96        1      7      10240        1       1      0.00016     43.319     14.40    0x418afd3b9451083
TOTAL(one of each)                                                           0.07666
RC=0
--- probe len=20 round=24 arm=D2
# vt::Conv1d decomposition probe (#1334) -- threads=14 latents=20 repeats=2
# VLLM_CPP_CPU_THREADS=14  pool.NThreads()=14
geom                in_ch   out_ch      k    out_len     rows  chunks       wall_s     GMAC/s user/wall          fingerprint
dec_in_proj  k1        64     1024      1         20     1024      54      0.00006     21.748      7.25   0xabd52fefc5ba264c
conv_in      k7      1024     1536      7         20     1536      55      0.00722     30.492     12.27   0x8860389815e8d920
b0_res_conv1 k7       768      768      7        160      768      55      0.01182     55.883     12.90   0x373d2a1f7e82a4d9
b0_res_conv2 k1       768      768      1        160      768      55      0.00292     32.365     12.17   0xcdec065a5ab935b8
b1_res_conv1 k7       384      384      7       1280      384      55      0.02205     59.914     12.49   0x834f6cd897155883
b1_res_conv2 k1       384      384      1       1280      384      55      0.00499     37.833     12.72   0x5d0c5f7ba57096c0
b2_res_conv1 k7       192      192      7       5120      192      48      0.02622     50.392     12.69   0x1e2e62dfead50657
b2_res_conv2 k1       192      192      1       5120      192      48      0.00538     35.075     12.70   0xfe838e95937dfa87
b3_res_conv1 k7        96       96      7      10240       96      48      0.00993     66.503     12.78   0x3ffbbfa2b91f131f
b3_res_conv2 k1        96       96      1      10240       96      48      0.00308     30.656     12.30   0x6de339905347b401
conv_out     k7        96        1      7      10240        1       1      0.00028     24.895     12.12    0x418afd3b9451083
TOTAL(one of each)                                                           0.09395
RC=0
--- probe len=20 round=24 arm=D
# vt::Conv1d decomposition probe (#1334) -- threads=14 latents=20 repeats=2
# VLLM_CPP_CPU_THREADS=14  pool.NThreads()=14
geom                in_ch   out_ch      k    out_len     rows  chunks       wall_s     GMAC/s user/wall          fingerprint
dec_in_proj  k1        64     1024      1         20     1024      54      0.00006     21.822      9.21   0xabd52fefc5ba264c
conv_in      k7      1024     1536      7         20     1536      55      0.00464     47.421     14.35   0x8860389815e8d920
b0_res_conv1 k7       768      768      7        160      768      55      0.01028     64.239     13.50   0x373d2a1f7e82a4d9
b0_res_conv2 k1       768      768      1        160      768      55      0.00207     45.633     14.26   0xcdec065a5ab935b8
b1_res_conv1 k7       384      384      7       1280      384      55      0.01785     74.020     13.88   0x834f6cd897155883
b1_res_conv2 k1       384      384      1       1280      384      55      0.00404     46.735     13.82   0x5d0c5f7ba57096c0
b2_res_conv1 k7       192      192      7       5120      192      48      0.01660     79.599     13.93   0x1e2e62dfead50657
b2_res_conv2 k1       192      192      1       5120      192      48      0.00424     44.490     13.90   0xfe838e95937dfa87
b3_res_conv1 k7        96       96      7      10240       96      48      0.00832     79.360     13.52   0x3ffbbfa2b91f131f
b3_res_conv2 k1        96       96      1      10240       96      48      0.00208     45.352     13.33   0x6de339905347b401
conv_out     k7        96        1      7      10240        1       1      0.00016     43.993     13.34    0x418afd3b9451083
TOTAL(one of each)                                                           0.07035
RC=0
--- probe len=20 round=24 arm=C
# vt::Conv1d decomposition probe (#1334) -- threads=14 latents=20 repeats=2
# VLLM_CPP_CPU_THREADS=14  pool.NThreads()=14
geom                in_ch   out_ch      k    out_len     rows  chunks       wall_s     GMAC/s user/wall          fingerprint
dec_in_proj  k1        64     1024      1         20     1024      54      0.00010     13.022      6.15   0xabd52fefc5ba264c
conv_in      k7      1024     1536      7         20     1536      55      0.00463     47.582     13.12   0x8860389815e8d920
b0_res_conv1 k7       768      768      7        160      768      55      0.01127     58.621     13.92   0x373d2a1f7e82a4d9
b0_res_conv2 k1       768      768      1        160      768      55      0.00196     48.210     13.17   0xcdec065a5ab935b8
b1_res_conv1 k7       384      384      7       1280      384      55      0.01896     69.676     13.21   0x834f6cd897155883
b1_res_conv2 k1       384      384      1       1280      384      55      0.00430     43.875     13.86   0x5d0c5f7ba57096c0
b2_res_conv1 k7       192      192      7       5120      192      48      0.01650     80.090     13.86   0x1e2e62dfead50657
b2_res_conv2 k1       192      192      1       5120      192      48      0.00435     43.423     13.24   0xfe838e95937dfa87
b3_res_conv1 k7        96       96      7      10240       96      48      0.00829     79.663     13.81   0x3ffbbfa2b91f131f
b3_res_conv2 k1        96       96      1      10240       96      48      0.00204     46.228     13.58   0x6de339905347b401
conv_out     k7        96        1      7      10240        1       1      0.00016     43.011     15.80    0x418afd3b9451083
TOTAL(one of each)                                                           0.07256
RC=0
--- probe len=20 round=25 arm=C
# vt::Conv1d decomposition probe (#1334) -- threads=14 latents=20 repeats=2
# VLLM_CPP_CPU_THREADS=14  pool.NThreads()=14
geom                in_ch   out_ch      k    out_len     rows  chunks       wall_s     GMAC/s user/wall          fingerprint
dec_in_proj  k1        64     1024      1         20     1024      54      0.00007     17.764     14.80   0xabd52fefc5ba264c
conv_in      k7      1024     1536      7         20     1536      55      0.00467     47.159     13.79   0x8860389815e8d920
b0_res_conv1 k7       768      768      7        160      768      55      0.01073     61.545     13.91   0x373d2a1f7e82a4d9
b0_res_conv2 k1       768      768      1        160      768      55      0.00202     46.732     14.49   0xcdec065a5ab935b8
b1_res_conv1 k7       384      384      7       1280      384      55      0.01616     81.751     13.84   0x834f6cd897155883
b1_res_conv2 k1       384      384      1       1280      384      55      0.00388     48.632     13.98   0x5d0c5f7ba57096c0
b2_res_conv1 k7       192      192      7       5120      192      48      0.01649     80.135     13.75   0x1e2e62dfead50657
b2_res_conv2 k1       192      192      1       5120      192      48      0.00421     44.784     13.56   0xfe838e95937dfa87
b3_res_conv1 k7        96       96      7      10240       96      48      0.00837     78.921     13.81   0x3ffbbfa2b91f131f
b3_res_conv2 k1        96       96      1      10240       96      48      0.00206     45.701     14.17   0x6de339905347b401
conv_out     k7        96        1      7      10240        1       1      0.00016     44.334     10.70    0x418afd3b9451083
TOTAL(one of each)                                                           0.06883
RC=0
--- probe len=20 round=25 arm=D
# vt::Conv1d decomposition probe (#1334) -- threads=14 latents=20 repeats=2
# VLLM_CPP_CPU_THREADS=14  pool.NThreads()=14
geom                in_ch   out_ch      k    out_len     rows  chunks       wall_s     GMAC/s user/wall          fingerprint
dec_in_proj  k1        64     1024      1         20     1024      54      0.00006     20.756      5.72   0xabd52fefc5ba264c
conv_in      k7      1024     1536      7         20     1536      55      0.00474     46.494     13.52   0x8860389815e8d920
b0_res_conv1 k7       768      768      7        160      768      55      0.01086     60.827     13.68   0x373d2a1f7e82a4d9
b0_res_conv2 k1       768      768      1        160      768      55      0.00198     47.692     13.27   0xcdec065a5ab935b8
b1_res_conv1 k7       384      384      7       1280      384      55      0.01763     74.957     13.58   0x834f6cd897155883
b1_res_conv2 k1       384      384      1       1280      384      55      0.00400     47.224     13.78   0x5d0c5f7ba57096c0
b2_res_conv1 k7       192      192      7       5120      192      48      0.01651     80.009     13.80   0x1e2e62dfead50657
b2_res_conv2 k1       192      192      1       5120      192      48      0.00412     45.860     13.55   0xfe838e95937dfa87
b3_res_conv1 k7        96       96      7      10240       96      48      0.00832     79.358     13.59   0x3ffbbfa2b91f131f
b3_res_conv2 k1        96       96      1      10240       96      48      0.00210     44.865     14.67   0x6de339905347b401
conv_out     k7        96        1      7      10240        1       1      0.00018     39.070     14.94    0x418afd3b9451083
TOTAL(one of each)                                                           0.07049
RC=0
--- probe len=20 round=25 arm=D2
# vt::Conv1d decomposition probe (#1334) -- threads=14 latents=20 repeats=2
# VLLM_CPP_CPU_THREADS=14  pool.NThreads()=14
geom                in_ch   out_ch      k    out_len     rows  chunks       wall_s     GMAC/s user/wall          fingerprint
dec_in_proj  k1        64     1024      1         20     1024      54      0.00006     21.825     10.67   0xabd52fefc5ba264c
conv_in      k7      1024     1536      7         20     1536      55      0.00482     45.713     12.93   0x8860389815e8d920
b0_res_conv1 k7       768      768      7        160      768      55      0.01071     61.691     13.70   0x373d2a1f7e82a4d9
b0_res_conv2 k1       768      768      1        160      768      55      0.00189     49.880     13.52   0xcdec065a5ab935b8
b1_res_conv1 k7       384      384      7       1280      384      55      0.01734     76.197     13.88   0x834f6cd897155883
b1_res_conv2 k1       384      384      1       1280      384      55      0.00366     51.618     14.05   0x5d0c5f7ba57096c0
b2_res_conv1 k7       192      192      7       5120      192      48      0.01647     80.238     13.91   0x1e2e62dfead50657
b2_res_conv2 k1       192      192      1       5120      192      48      0.00372     50.749     12.70   0xfe838e95937dfa87
b3_res_conv1 k7        96       96      7      10240       96      48      0.00826     79.931     13.62   0x3ffbbfa2b91f131f
b3_res_conv2 k1        96       96      1      10240       96      48      0.00194     48.649     13.54   0x6de339905347b401
conv_out     k7        96        1      7      10240        1       1      0.00015     44.576      9.11    0x418afd3b9451083
TOTAL(one of each)                                                           0.06902
RC=0
--- probe len=20 round=26 arm=D2
# vt::Conv1d decomposition probe (#1334) -- threads=14 latents=20 repeats=2
# VLLM_CPP_CPU_THREADS=14  pool.NThreads()=14
geom                in_ch   out_ch      k    out_len     rows  chunks       wall_s     GMAC/s user/wall          fingerprint
dec_in_proj  k1        64     1024      1         20     1024      54      0.00004     33.793      8.43   0xabd52fefc5ba264c
conv_in      k7      1024     1536      7         20     1536      55      0.00480     45.884     13.84   0x8860389815e8d920
b0_res_conv1 k7       768      768      7        160      768      55      0.01163     56.801     13.78   0x373d2a1f7e82a4d9
b0_res_conv2 k1       768      768      1        160      768      55      0.00214     43.999     13.74   0xcdec065a5ab935b8
b1_res_conv1 k7       384      384      7       1280      384      55      0.01720     76.799     13.75   0x834f6cd897155883
b1_res_conv2 k1       384      384      1       1280      384      55      0.00437     43.143     13.85   0x5d0c5f7ba57096c0
b2_res_conv1 k7       192      192      7       5120      192      48      0.01653     79.930     13.89   0x1e2e62dfead50657
b2_res_conv2 k1       192      192      1       5120      192      48      0.00416     45.426     12.91   0xfe838e95937dfa87
b3_res_conv1 k7        96       96      7      10240       96      48      0.00834     79.179     13.18   0x3ffbbfa2b91f131f
b3_res_conv2 k1        96       96      1      10240       96      48      0.00209     45.110     12.96   0x6de339905347b401
conv_out     k7        96        1      7      10240        1       1      0.00016     43.967     12.35    0x418afd3b9451083
TOTAL(one of each)                                                           0.07147
RC=0
--- probe len=20 round=26 arm=D
# vt::Conv1d decomposition probe (#1334) -- threads=14 latents=20 repeats=2
# VLLM_CPP_CPU_THREADS=14  pool.NThreads()=14
geom                in_ch   out_ch      k    out_len     rows  chunks       wall_s     GMAC/s user/wall          fingerprint
dec_in_proj  k1        64     1024      1         20     1024      54      0.00006     21.892      5.23   0xabd52fefc5ba264c
conv_in      k7      1024     1536      7         20     1536      55      0.00456     48.257     13.90   0x8860389815e8d920
b0_res_conv1 k7       768      768      7        160      768      55      0.01073     61.541     14.01   0x373d2a1f7e82a4d9
b0_res_conv2 k1       768      768      1        160      768      55      0.00217     43.404     13.82   0xcdec065a5ab935b8
b1_res_conv1 k7       384      384      7       1280      384      55      0.01725     76.610     13.90   0x834f6cd897155883
b1_res_conv2 k1       384      384      1       1280      384      55      0.00407     46.414     13.94   0x5d0c5f7ba57096c0
b2_res_conv1 k7       192      192      7       5120      192      48      0.01652     79.960     13.67   0x1e2e62dfead50657
b2_res_conv2 k1       192      192      1       5120      192      48      0.00429     44.031     13.92   0xfe838e95937dfa87
b3_res_conv1 k7        96       96      7      10240       96      48      0.00832     79.379     13.86   0x3ffbbfa2b91f131f
b3_res_conv2 k1        96       96      1      10240       96      48      0.00205     46.072     13.76   0x6de339905347b401
conv_out     k7        96        1      7      10240        1       1      0.00016     44.390     10.11    0x418afd3b9451083
TOTAL(one of each)                                                           0.07018
RC=0
--- probe len=20 round=26 arm=C
# vt::Conv1d decomposition probe (#1334) -- threads=14 latents=20 repeats=2
# VLLM_CPP_CPU_THREADS=14  pool.NThreads()=14
geom                in_ch   out_ch      k    out_len     rows  chunks       wall_s     GMAC/s user/wall          fingerprint
dec_in_proj  k1        64     1024      1         20     1024      54      0.00007     19.971     16.23   0xabd52fefc5ba264c
conv_in      k7      1024     1536      7         20     1536      55      0.00465     47.321     14.27   0x8860389815e8d920
b0_res_conv1 k7       768      768      7        160      768      55      0.01113     59.336     13.51   0x373d2a1f7e82a4d9
b0_res_conv2 k1       768      768      1        160      768      55      0.00329     28.712     12.41   0xcdec065a5ab935b8
b1_res_conv1 k7       384      384      7       1280      384      55      0.01623     81.414     13.62   0x834f6cd897155883
b1_res_conv2 k1       384      384      1       1280      384      55      0.00512     36.860     12.41   0x5d0c5f7ba57096c0
b2_res_conv1 k7       192      192      7       5120      192      48      0.01652     79.971     13.92   0x1e2e62dfead50657
b2_res_conv2 k1       192      192      1       5120      192      48      0.00427     44.252     13.88   0xfe838e95937dfa87
b3_res_conv1 k7        96       96      7      10240       96      48      0.00832     79.422     13.91   0x3ffbbfa2b91f131f
b3_res_conv2 k1        96       96      1      10240       96      48      0.00203     46.598     12.54   0x6de339905347b401
conv_out     k7        96        1      7      10240        1       1      0.00016     42.934     16.35    0x418afd3b9451083
TOTAL(one of each)                                                           0.07178
RC=0
--- probe len=20 round=27 arm=C
# vt::Conv1d decomposition probe (#1334) -- threads=14 latents=20 repeats=2
# VLLM_CPP_CPU_THREADS=14  pool.NThreads()=14
geom                in_ch   out_ch      k    out_len     rows  chunks       wall_s     GMAC/s user/wall          fingerprint
dec_in_proj  k1        64     1024      1         20     1024      54      0.00005     27.487      6.25   0xabd52fefc5ba264c
conv_in      k7      1024     1536      7         20     1536      55      0.00757     29.085     12.40   0x8860389815e8d920
b0_res_conv1 k7       768      768      7        160      768      55      0.01084     60.920     13.90   0x373d2a1f7e82a4d9
b0_res_conv2 k1       768      768      1        160      768      55      0.00203     46.458     13.50   0xcdec065a5ab935b8
b1_res_conv1 k7       384      384      7       1280      384      55      0.01632     80.939     13.66   0x834f6cd897155883
b1_res_conv2 k1       384      384      1       1280      384      55      0.00411     45.920     13.87   0x5d0c5f7ba57096c0
b2_res_conv1 k7       192      192      7       5120      192      48      0.01650     80.071     13.90   0x1e2e62dfead50657
b2_res_conv2 k1       192      192      1       5120      192      48      0.00421     44.876     13.86   0xfe838e95937dfa87
b3_res_conv1 k7        96       96      7      10240       96      48      0.00838     78.847     13.70   0x3ffbbfa2b91f131f
b3_res_conv2 k1        96       96      1      10240       96      48      0.00208     45.329     13.89   0x6de339905347b401
conv_out     k7        96        1      7      10240        1       1      0.00016     43.840     11.14    0x418afd3b9451083
TOTAL(one of each)                                                           0.07225
RC=0
--- probe len=20 round=27 arm=D
# vt::Conv1d decomposition probe (#1334) -- threads=14 latents=20 repeats=2
# VLLM_CPP_CPU_THREADS=14  pool.NThreads()=14
geom                in_ch   out_ch      k    out_len     rows  chunks       wall_s     GMAC/s user/wall          fingerprint
dec_in_proj  k1        64     1024      1         20     1024      54      0.00008     17.101     15.75   0xabd52fefc5ba264c
conv_in      k7      1024     1536      7         20     1536      55      0.00462     47.664     13.00   0x8860389815e8d920
b0_res_conv1 k7       768      768      7        160      768      55      0.01081     61.116     13.11   0x373d2a1f7e82a4d9
b0_res_conv2 k1       768      768      1        160      768      55      0.00306     30.814     13.00   0xcdec065a5ab935b8
b1_res_conv1 k7       384      384      7       1280      384      55      0.01693     78.051     13.86   0x834f6cd897155883
b1_res_conv2 k1       384      384      1       1280      384      55      0.00417     45.249     13.26   0x5d0c5f7ba57096c0
b2_res_conv1 k7       192      192      7       5120      192      48      0.01653     79.911     13.83   0x1e2e62dfead50657
b2_res_conv2 k1       192      192      1       5120      192      48      0.00421     44.884     13.26   0xfe838e95937dfa87
b3_res_conv1 k7        96       96      7      10240       96      48      0.00834     79.186     13.87   0x3ffbbfa2b91f131f
b3_res_conv2 k1        96       96      1      10240       96      48      0.00209     45.207     12.29   0x6de339905347b401
conv_out     k7        96        1      7      10240        1       1      0.00016     44.095      9.14    0x418afd3b9451083
TOTAL(one of each)                                                           0.07099
RC=0
--- probe len=20 round=27 arm=D2
# vt::Conv1d decomposition probe (#1334) -- threads=14 latents=20 repeats=2
# VLLM_CPP_CPU_THREADS=14  pool.NThreads()=14
geom                in_ch   out_ch      k    out_len     rows  chunks       wall_s     GMAC/s user/wall          fingerprint
dec_in_proj  k1        64     1024      1         20     1024      54      0.00006     21.027     10.54   0xabd52fefc5ba264c
conv_in      k7      1024     1536      7         20     1536      55      0.00458     48.082     14.06   0x8860389815e8d920
b0_res_conv1 k7       768      768      7        160      768      55      0.01108     59.618     13.73   0x373d2a1f7e82a4d9
b0_res_conv2 k1       768      768      1        160      768      55      0.00195     48.400     13.79   0xcdec065a5ab935b8
b1_res_conv1 k7       384      384      7       1280      384      55      0.01757     75.190     13.80   0x834f6cd897155883
b1_res_conv2 k1       384      384      1       1280      384      55      0.00367     51.499     13.46   0x5d0c5f7ba57096c0
b2_res_conv1 k7       192      192      7       5120      192      48      0.01663     79.437     13.78   0x1e2e62dfead50657
b2_res_conv2 k1       192      192      1       5120      192      48      0.00390     48.455     13.33   0xfe838e95937dfa87
b3_res_conv1 k7        96       96      7      10240       96      48      0.00828     79.794     14.38   0x3ffbbfa2b91f131f
b3_res_conv2 k1        96       96      1      10240       96      48      0.00192     49.189     10.99   0x6de339905347b401
conv_out     k7        96        1      7      10240        1       1      0.00015     44.577      8.12    0x418afd3b9451083
TOTAL(one of each)                                                           0.06979
RC=0
--- probe len=20 round=28 arm=D2
# vt::Conv1d decomposition probe (#1334) -- threads=14 latents=20 repeats=2
# VLLM_CPP_CPU_THREADS=14  pool.NThreads()=14
geom                in_ch   out_ch      k    out_len     rows  chunks       wall_s     GMAC/s user/wall          fingerprint
dec_in_proj  k1        64     1024      1         20     1024      54      0.00006     21.579      8.26   0xabd52fefc5ba264c
conv_in      k7      1024     1536      7         20     1536      55      0.00488     45.167     13.77   0x8860389815e8d920
b0_res_conv1 k7       768      768      7        160      768      55      0.01088     60.732     14.22   0x373d2a1f7e82a4d9
b0_res_conv2 k1       768      768      1        160      768      55      0.00185     51.145     13.61   0xcdec065a5ab935b8
b1_res_conv1 k7       384      384      7       1280      384      55      0.01746     75.668     13.80   0x834f6cd897155883
b1_res_conv2 k1       384      384      1       1280      384      55      0.00406     46.487     12.98   0x5d0c5f7ba57096c0
b2_res_conv1 k7       192      192      7       5120      192      48      0.01652     79.959     13.86   0x1e2e62dfead50657
b2_res_conv2 k1       192      192      1       5120      192      48      0.00423     44.657     13.12   0xfe838e95937dfa87
b3_res_conv1 k7        96       96      7      10240       96      48      0.00832     79.415     13.83   0x3ffbbfa2b91f131f
b3_res_conv2 k1        96       96      1      10240       96      48      0.00209     45.136     13.90   0x6de339905347b401
conv_out     k7        96        1      7      10240        1       1      0.00016     43.959      8.15    0x418afd3b9451083
TOTAL(one of each)                                                           0.07049
RC=0
--- probe len=20 round=28 arm=D
# vt::Conv1d decomposition probe (#1334) -- threads=14 latents=20 repeats=2
# VLLM_CPP_CPU_THREADS=14  pool.NThreads()=14
geom                in_ch   out_ch      k    out_len     rows  chunks       wall_s     GMAC/s user/wall          fingerprint
dec_in_proj  k1        64     1024      1         20     1024      54      0.00007     17.955     17.22   0xabd52fefc5ba264c
conv_in      k7      1024     1536      7         20     1536      55      0.00457     48.227     13.62   0x8860389815e8d920
b0_res_conv1 k7       768      768      7        160      768      55      0.01101     59.980     13.61   0x373d2a1f7e82a4d9
b0_res_conv2 k1       768      768      1        160      768      55      0.00209     45.192     13.65   0xcdec065a5ab935b8
b1_res_conv1 k7       384      384      7       1280      384      55      0.01699     77.782     13.84   0x834f6cd897155883
b1_res_conv2 k1       384      384      1       1280      384      55      0.00420     44.957     13.82   0x5d0c5f7ba57096c0
b2_res_conv1 k7       192      192      7       5120      192      48      0.01664     79.416     13.94   0x1e2e62dfead50657
b2_res_conv2 k1       192      192      1       5120      192      48      0.00440     42.895     13.66   0xfe838e95937dfa87
b3_res_conv1 k7        96       96      7      10240       96      48      0.00833     79.292     13.89   0x3ffbbfa2b91f131f
b3_res_conv2 k1        96       96      1      10240       96      48      0.00315     29.966     13.13   0x6de339905347b401
conv_out     k7        96        1      7      10240        1       1      0.00016     43.208     12.12    0x418afd3b9451083
TOTAL(one of each)                                                           0.07160
RC=0
--- probe len=20 round=28 arm=C
# vt::Conv1d decomposition probe (#1334) -- threads=14 latents=20 repeats=2
# VLLM_CPP_CPU_THREADS=14  pool.NThreads()=14
geom                in_ch   out_ch      k    out_len     rows  chunks       wall_s     GMAC/s user/wall          fingerprint
dec_in_proj  k1        64     1024      1         20     1024      54      0.00006     22.002      6.11   0xabd52fefc5ba264c
conv_in      k7      1024     1536      7         20     1536      55      0.00466     47.274     13.74   0x8860389815e8d920
b0_res_conv1 k7       768      768      7        160      768      55      0.01121     58.954     13.57   0x373d2a1f7e82a4d9
b0_res_conv2 k1       768      768      1        160      768      55      0.00217     43.516     13.04   0xcdec065a5ab935b8
b1_res_conv1 k7       384      384      7       1280      384      55      0.01610     82.044     13.91   0x834f6cd897155883
b1_res_conv2 k1       384      384      1       1280      384      55      0.00403     46.849     13.55   0x5d0c5f7ba57096c0
b2_res_conv1 k7       192      192      7       5120      192      48      0.01655     79.831     13.81   0x1e2e62dfead50657
b2_res_conv2 k1       192      192      1       5120      192      48      0.00418     45.202     13.85   0xfe838e95937dfa87
b3_res_conv1 k7        96       96      7      10240       96      48      0.00882     74.933     13.68   0x3ffbbfa2b91f131f
b3_res_conv2 k1        96       96      1      10240       96      48      0.00209     45.196     11.98   0x6de339905347b401
conv_out     k7        96        1      7      10240        1       1      0.00016     42.773     14.48    0x418afd3b9451083
TOTAL(one of each)                                                           0.07001
RC=0
--- probe len=20 round=29 arm=C
# vt::Conv1d decomposition probe (#1334) -- threads=14 latents=20 repeats=2
# VLLM_CPP_CPU_THREADS=14  pool.NThreads()=14
geom                in_ch   out_ch      k    out_len     rows  chunks       wall_s     GMAC/s user/wall          fingerprint
dec_in_proj  k1        64     1024      1         20     1024      54      0.00006     21.448      4.25   0xabd52fefc5ba264c
conv_in      k7      1024     1536      7         20     1536      55      0.00486     45.290     15.13   0x8860389815e8d920
b0_res_conv1 k7       768      768      7        160      768      55      0.01067     61.885     14.05   0x373d2a1f7e82a4d9
b0_res_conv2 k1       768      768      1        160      768      55      0.00236     39.988     13.15   0xcdec065a5ab935b8
b1_res_conv1 k7       384      384      7       1280      384      55      0.01617     81.715     13.78   0x834f6cd897155883
b1_res_conv2 k1       384      384      1       1280      384      55      0.00404     46.734     13.71   0x5d0c5f7ba57096c0
b2_res_conv1 k7       192      192      7       5120      192      48      0.01652     79.959     13.75   0x1e2e62dfead50657
b2_res_conv2 k1       192      192      1       5120      192      48      0.00431     43.840     13.09   0xfe838e95937dfa87
b3_res_conv1 k7        96       96      7      10240       96      48      0.00840     78.647     13.56   0x3ffbbfa2b91f131f
b3_res_conv2 k1        96       96      1      10240       96      48      0.00209     45.237     14.83   0x6de339905347b401
conv_out     k7        96        1      7      10240        1       1      0.00016     43.804     12.33    0x418afd3b9451083
TOTAL(one of each)                                                           0.06964
RC=0
--- probe len=20 round=29 arm=D
# vt::Conv1d decomposition probe (#1334) -- threads=14 latents=20 repeats=2
# VLLM_CPP_CPU_THREADS=14  pool.NThreads()=14
geom                in_ch   out_ch      k    out_len     rows  chunks       wall_s     GMAC/s user/wall          fingerprint
dec_in_proj  k1        64     1024      1         20     1024      54      0.00006     21.964      5.24   0xabd52fefc5ba264c
conv_in      k7      1024     1536      7         20     1536      55      0.00452     48.673     13.12   0x8860389815e8d920
b0_res_conv1 k7       768      768      7        160      768      55      0.01089     60.676     14.08   0x373d2a1f7e82a4d9
b0_res_conv2 k1       768      768      1        160      768      55      0.00226     41.826     14.11   0xcdec065a5ab935b8
b1_res_conv1 k7       384      384      7       1280      384      55      0.01701     77.676     14.23   0x834f6cd897155883
b1_res_conv2 k1       384      384      1       1280      384      55      0.00414     45.624     13.94   0x5d0c5f7ba57096c0
b2_res_conv1 k7       192      192      7       5120      192      48      0.01654     79.863     13.78   0x1e2e62dfead50657
b2_res_conv2 k1       192      192      1       5120      192      48      0.00416     45.387     13.42   0xfe838e95937dfa87
b3_res_conv1 k7        96       96      7      10240       96      48      0.00833     79.286     14.40   0x3ffbbfa2b91f131f
b3_res_conv2 k1        96       96      1      10240       96      48      0.00205     45.933     12.98   0x6de339905347b401
conv_out     k7        96        1      7      10240        1       1      0.00015     44.398      8.05    0x418afd3b9451083
TOTAL(one of each)                                                           0.07012
RC=0
--- probe len=20 round=29 arm=D2
# vt::Conv1d decomposition probe (#1334) -- threads=14 latents=20 repeats=2
# VLLM_CPP_CPU_THREADS=14  pool.NThreads()=14
geom                in_ch   out_ch      k    out_len     rows  chunks       wall_s     GMAC/s user/wall          fingerprint
dec_in_proj  k1        64     1024      1         20     1024      54      0.00006     21.845     10.50   0xabd52fefc5ba264c
conv_in      k7      1024     1536      7         20     1536      55      0.00532     41.360     13.54   0x8860389815e8d920
b0_res_conv1 k7       768      768      7        160      768      55      0.01090     60.602     13.87   0x373d2a1f7e82a4d9
b0_res_conv2 k1       768      768      1        160      768      55      0.00216     43.632     13.85   0xcdec065a5ab935b8
b1_res_conv1 k7       384      384      7       1280      384      55      0.01687     78.338     13.89   0x834f6cd897155883
b1_res_conv2 k1       384      384      1       1280      384      55      0.00381     49.531     13.61   0x5d0c5f7ba57096c0
b2_res_conv1 k7       192      192      7       5120      192      48      0.01745     75.729     13.76   0x1e2e62dfead50657
b2_res_conv2 k1       192      192      1       5120      192      48      0.00384     49.111     14.02   0xfe838e95937dfa87
b3_res_conv1 k7        96       96      7      10240       96      48      0.00826     79.933     13.74   0x3ffbbfa2b91f131f
b3_res_conv2 k1        96       96      1      10240       96      48      0.00188     50.138     14.25   0x6de339905347b401
conv_out     k7        96        1      7      10240        1       1      0.00017     41.551     14.21    0x418afd3b9451083
TOTAL(one of each)                                                           0.07073
RC=0
--- probe len=20 round=30 arm=D2
# vt::Conv1d decomposition probe (#1334) -- threads=14 latents=20 repeats=2
# VLLM_CPP_CPU_THREADS=14  pool.NThreads()=14
geom                in_ch   out_ch      k    out_len     rows  chunks       wall_s     GMAC/s user/wall          fingerprint
dec_in_proj  k1        64     1024      1         20     1024      54      0.00006     21.842      6.17   0xabd52fefc5ba264c
conv_in      k7      1024     1536      7         20     1536      55      0.00470     46.803     13.49   0x8860389815e8d920
b0_res_conv1 k7       768      768      7        160      768      55      0.01072     61.644     13.65   0x373d2a1f7e82a4d9
b0_res_conv2 k1       768      768      1        160      768      55      0.00192     49.073     14.39   0xcdec065a5ab935b8
b1_res_conv1 k7       384      384      7       1280      384      55      0.01694     77.996     13.84   0x834f6cd897155883
b1_res_conv2 k1       384      384      1       1280      384      55      0.00377     50.048     14.03   0x5d0c5f7ba57096c0
b2_res_conv1 k7       192      192      7       5120      192      48      0.01651     80.047     14.11   0x1e2e62dfead50657
b2_res_conv2 k1       192      192      1       5120      192      48      0.00429     44.022     13.26   0xfe838e95937dfa87
b3_res_conv1 k7        96       96      7      10240       96      48      0.00836     79.044     13.88   0x3ffbbfa2b91f131f
b3_res_conv2 k1        96       96      1      10240       96      48      0.00205     45.991     13.05   0x6de339905347b401
conv_out     k7        96        1      7      10240        1       1      0.00016     43.742     15.41    0x418afd3b9451083
TOTAL(one of each)                                                           0.06947
RC=0
--- probe len=20 round=30 arm=D
# vt::Conv1d decomposition probe (#1334) -- threads=14 latents=20 repeats=2
# VLLM_CPP_CPU_THREADS=14  pool.NThreads()=14
geom                in_ch   out_ch      k    out_len     rows  chunks       wall_s     GMAC/s user/wall          fingerprint
dec_in_proj  k1        64     1024      1         20     1024      54      0.00007     17.835     13.88   0xabd52fefc5ba264c
conv_in      k7      1024     1536      7         20     1536      55      0.00602     36.576     13.44   0x8860389815e8d920
b0_res_conv1 k7       768      768      7        160      768      55      0.01075     61.430     13.96   0x373d2a1f7e82a4d9
b0_res_conv2 k1       768      768      1        160      768      55      0.00194     48.598     14.57   0xcdec065a5ab935b8
b1_res_conv1 k7       384      384      7       1280      384      55      0.01725     76.609     13.73   0x834f6cd897155883
b1_res_conv2 k1       384      384      1       1280      384      55      0.00399     47.256     13.00   0x5d0c5f7ba57096c0
b2_res_conv1 k7       192      192      7       5120      192      48      0.01652     79.981     13.93   0x1e2e62dfead50657
b2_res_conv2 k1       192      192      1       5120      192      48      0.00422     44.773     13.81   0xfe838e95937dfa87
b3_res_conv1 k7        96       96      7      10240       96      48      0.00833     79.274     13.86   0x3ffbbfa2b91f131f
b3_res_conv2 k1        96       96      1      10240       96      48      0.00209     45.142     13.46   0x6de339905347b401
conv_out     k7        96        1      7      10240        1       1      0.00019     36.534     15.07    0x418afd3b9451083
TOTAL(one of each)                                                           0.07138
RC=0
--- probe len=20 round=30 arm=C
# vt::Conv1d decomposition probe (#1334) -- threads=14 latents=20 repeats=2
# VLLM_CPP_CPU_THREADS=14  pool.NThreads()=14
geom                in_ch   out_ch      k    out_len     rows  chunks       wall_s     GMAC/s user/wall          fingerprint
dec_in_proj  k1        64     1024      1         20     1024      54      0.00006     21.217      4.13   0xabd52fefc5ba264c
conv_in      k7      1024     1536      7         20     1536      55      0.00461     47.719     13.74   0x8860389815e8d920
b0_res_conv1 k7       768      768      7        160      768      55      0.01043     63.315     14.02   0x373d2a1f7e82a4d9
b0_res_conv2 k1       768      768      1        160      768      55      0.00188     50.276     12.98   0xcdec065a5ab935b8
b1_res_conv1 k7       384      384      7       1280      384      55      0.01620     81.553     13.80   0x834f6cd897155883
b1_res_conv2 k1       384      384      1       1280      384      55      0.00408     46.213     13.69   0x5d0c5f7ba57096c0
b2_res_conv1 k7       192      192      7       5120      192      48      0.01649     80.145     13.70   0x1e2e62dfead50657
b2_res_conv2 k1       192      192      1       5120      192      48      0.00423     44.658     14.51   0xfe838e95937dfa87
b3_res_conv1 k7        96       96      7      10240       96      48      0.00830     79.606     13.89   0x3ffbbfa2b91f131f
b3_res_conv2 k1        96       96      1      10240       96      48      0.00207     45.690     13.97   0x6de339905347b401
conv_out     k7        96        1      7      10240        1       1      0.00016     43.993     12.29    0x418afd3b9451083
TOTAL(one of each)                                                           0.06850
RC=0
--- probe len=20 round=31 arm=C
# vt::Conv1d decomposition probe (#1334) -- threads=14 latents=20 repeats=2
# VLLM_CPP_CPU_THREADS=14  pool.NThreads()=14
geom                in_ch   out_ch      k    out_len     rows  chunks       wall_s     GMAC/s user/wall          fingerprint
dec_in_proj  k1        64     1024      1         20     1024      54      0.00006     22.181      9.43   0xabd52fefc5ba264c
conv_in      k7      1024     1536      7         20     1536      55      0.00472     46.661     14.19   0x8860389815e8d920
b0_res_conv1 k7       768      768      7        160      768      55      0.01099     60.083     13.80   0x373d2a1f7e82a4d9
b0_res_conv2 k1       768      768      1        160      768      55      0.00242     38.922     13.76   0xcdec065a5ab935b8
b1_res_conv1 k7       384      384      7       1280      384      55      0.01825     72.412     13.45   0x834f6cd897155883
b1_res_conv2 k1       384      384      1       1280      384      55      0.00469     40.270     13.74   0x5d0c5f7ba57096c0
b2_res_conv1 k7       192      192      7       5120      192      48      0.01658     79.692     13.65   0x1e2e62dfead50657
b2_res_conv2 k1       192      192      1       5120      192      48      0.00449     42.083     14.02   0xfe838e95937dfa87
b3_res_conv1 k7        96       96      7      10240       96      48      0.00837     78.909     13.86   0x3ffbbfa2b91f131f
b3_res_conv2 k1        96       96      1      10240       96      48      0.00210     44.888     14.68   0x6de339905347b401
conv_out     k7        96        1      7      10240        1       1      0.00016     43.400     13.12    0x418afd3b9451083
TOTAL(one of each)                                                           0.07283
RC=0
--- probe len=20 round=31 arm=D
# vt::Conv1d decomposition probe (#1334) -- threads=14 latents=20 repeats=2
# VLLM_CPP_CPU_THREADS=14  pool.NThreads()=14
geom                in_ch   out_ch      k    out_len     rows  chunks       wall_s     GMAC/s user/wall          fingerprint
dec_in_proj  k1        64     1024      1         20     1024      54      0.00006     21.745      3.09   0xabd52fefc5ba264c
conv_in      k7      1024     1536      7         20     1536      55      0.00467     47.171     13.96   0x8860389815e8d920
b0_res_conv1 k7       768      768      7        160      768      55      0.01102     59.962     14.01   0x373d2a1f7e82a4d9
b0_res_conv2 k1       768      768      1        160      768      55      0.00196     48.238     13.68   0xcdec065a5ab935b8
b1_res_conv1 k7       384      384      7       1280      384      55      0.01723     76.676     13.88   0x834f6cd897155883
b1_res_conv2 k1       384      384      1       1280      384      55      0.00404     46.729     13.28   0x5d0c5f7ba57096c0
b2_res_conv1 k7       192      192      7       5120      192      48      0.01651     80.006     13.92   0x1e2e62dfead50657
b2_res_conv2 k1       192      192      1       5120      192      48      0.00418     45.177     13.22   0xfe838e95937dfa87
b3_res_conv1 k7        96       96      7      10240       96      48      0.00833     79.298     13.91   0x3ffbbfa2b91f131f
b3_res_conv2 k1        96       96      1      10240       96      48      0.00208     45.364     13.70   0x6de339905347b401
conv_out     k7        96        1      7      10240        1       1      0.00016     44.061     11.17    0x418afd3b9451083
TOTAL(one of each)                                                           0.07023
RC=0
--- probe len=20 round=31 arm=D2
# vt::Conv1d decomposition probe (#1334) -- threads=14 latents=20 repeats=2
# VLLM_CPP_CPU_THREADS=14  pool.NThreads()=14
geom                in_ch   out_ch      k    out_len     rows  chunks       wall_s     GMAC/s user/wall          fingerprint
dec_in_proj  k1        64     1024      1         20     1024      54      0.00006     21.988      4.13   0xabd52fefc5ba264c
conv_in      k7      1024     1536      7         20     1536      55      0.00458     48.083     13.87   0x8860389815e8d920
b0_res_conv1 k7       768      768      7        160      768      55      0.01076     61.399     13.77   0x373d2a1f7e82a4d9
b0_res_conv2 k1       768      768      1        160      768      55      0.00200     47.272     13.45   0xcdec065a5ab935b8
b1_res_conv1 k7       384      384      7       1280      384      55      0.01693     78.050     13.85   0x834f6cd897155883
b1_res_conv2 k1       384      384      1       1280      384      55      0.00398     47.472     13.94   0x5d0c5f7ba57096c0
b2_res_conv1 k7       192      192      7       5120      192      48      0.01655     79.847     13.77   0x1e2e62dfead50657
b2_res_conv2 k1       192      192      1       5120      192      48      0.00420     44.918     13.69   0xfe838e95937dfa87
b3_res_conv1 k7        96       96      7      10240       96      48      0.00870     75.931     13.40   0x3ffbbfa2b91f131f
b3_res_conv2 k1        96       96      1      10240       96      48      0.00213     44.214     14.53   0x6de339905347b401
conv_out     k7        96        1      7      10240        1       1      0.00016     43.281     13.22    0x418afd3b9451083
TOTAL(one of each)                                                           0.07004
RC=0

=== THE OP PROBE -- 344 latents, 15 rounds, the PRODUCTION window length
At 344 latents rule (1) declines only dec_in_proj, conv_in and b0_res_conv1;
b0_res_conv2 is TAKEN from 96 latents up, so this length prices the OTHER regime.
--- probe len=344 round=1 arm=C
# vt::Conv1d decomposition probe (#1334) -- threads=14 latents=344 repeats=2
# VLLM_CPP_CPU_THREADS=14  pool.NThreads()=14
geom                in_ch   out_ch      k    out_len     rows  chunks       wall_s     GMAC/s user/wall          fingerprint
dec_in_proj  k1        64     1024      1        344     1024      54      0.00064     35.154     13.05   0xddb899befb3ae1c3
conv_in      k7      1024     1536      7        344     1536      55      0.04680     80.929     13.86   0xac7cd33b02221f66
b0_res_conv1 k7       768      768      7       2752      768      55      0.14609     77.777     13.78   0xa8e5fac5635ff6ad
b0_res_conv2 k1       768      768      1       2752      768      55      0.03492     46.485     13.80   0x4a8a6d80036ab1f8
b1_res_conv1 k7       384      384      7      22016      384      55      0.27538     82.520     13.81   0x8f4e5f08594bfb72
b1_res_conv2 k1       384      384      1      22016      384      55      0.06676     48.630     13.84   0x59b2555c34c82e3e
b2_res_conv1 k7       192      192      7      88064      192      48      0.27584     82.382     13.87   0x55f62f6b2031b48e
b2_res_conv2 k1       192      192      1      88064      192      48      0.09198     35.296     13.28   0x32f8820bcc155bbe
b3_res_conv1 k7        96       96      7     176128       96      48      0.17646     64.391     13.18   0xff51851ab5ea4447
b3_res_conv2 k1        96       96      1     176128       96      48      0.03677     44.142     13.65   0x566eaca08e7fa63a
conv_out     k7        96        1      7     176128        1       1      0.00368     32.178     13.10    0xd24101c72b7ddb2
TOTAL(one of each)                                                           1.15532
RC=0
--- probe len=344 round=1 arm=D
# vt::Conv1d decomposition probe (#1334) -- threads=14 latents=344 repeats=2
# VLLM_CPP_CPU_THREADS=14  pool.NThreads()=14
geom                in_ch   out_ch      k    out_len     rows  chunks       wall_s     GMAC/s user/wall          fingerprint
dec_in_proj  k1        64     1024      1        344     1024      54      0.00049     46.063     15.72   0xddb899befb3ae1c3
conv_in      k7      1024     1536      7        344     1536      55      0.04926     76.882     13.82   0xac7cd33b02221f66
b0_res_conv1 k7       768      768      7       2752      768      55      0.15049     75.502     13.80   0xa8e5fac5635ff6ad
b0_res_conv2 k1       768      768      1       2752      768      55      0.03075     52.790     13.87   0x4a8a6d80036ab1f8
b1_res_conv1 k7       384      384      7      22016      384      55      0.27939     81.337     13.87   0x8f4e5f08594bfb72
b1_res_conv2 k1       384      384      1      22016      384      55      0.07464     43.493     13.87   0x59b2555c34c82e3e
b2_res_conv1 k7       192      192      7      88064      192      48      0.27714     81.997     13.88   0x55f62f6b2031b48e
b2_res_conv2 k1       192      192      1      88064      192      48      0.06484     50.065     13.89   0x32f8820bcc155bbe
b3_res_conv1 k7        96       96      7     176128       96      48      0.14363     79.106     13.88   0xff51851ab5ea4447
b3_res_conv2 k1        96       96      1     176128       96      48      0.03325     48.822     13.86   0x566eaca08e7fa63a
conv_out     k7        96        1      7     176128        1       1      0.00369     32.087     13.26    0xd24101c72b7ddb2
TOTAL(one of each)                                                           1.10758
RC=0
--- probe len=344 round=1 arm=D2
# vt::Conv1d decomposition probe (#1334) -- threads=14 latents=344 repeats=2
# VLLM_CPP_CPU_THREADS=14  pool.NThreads()=14
geom                in_ch   out_ch      k    out_len     rows  chunks       wall_s     GMAC/s user/wall          fingerprint
dec_in_proj  k1        64     1024      1        344     1024      54      0.00059     37.892     14.03   0xddb899befb3ae1c3
conv_in      k7      1024     1536      7        344     1536      55      0.05443     69.583     13.37   0xac7cd33b02221f66
b0_res_conv1 k7       768      768      7       2752      768      55      0.14818     76.681     13.85   0xa8e5fac5635ff6ad
b0_res_conv2 k1       768      768      1       2752      768      55      0.03059     53.065     13.89   0x4a8a6d80036ab1f8
b1_res_conv1 k7       384      384      7      22016      384      55      0.27543     82.508     13.87   0x8f4e5f08594bfb72
b1_res_conv2 k1       384      384      1      22016      384      55      0.07364     44.083     13.38   0x59b2555c34c82e3e
b2_res_conv1 k7       192      192      7      88064      192      48      0.27483     82.687     13.87   0x55f62f6b2031b48e
b2_res_conv2 k1       192      192      1      88064      192      48      0.06873     47.234     13.81   0x32f8820bcc155bbe
b3_res_conv1 k7        96       96      7     176128       96      48      0.14352     79.168     13.87   0xff51851ab5ea4447
b3_res_conv2 k1        96       96      1     176128       96      48      0.03314     48.979     13.75   0x566eaca08e7fa63a
conv_out     k7        96        1      7     176128        1       1      0.00353     33.557     13.76    0xd24101c72b7ddb2
TOTAL(one of each)                                                           1.10661
RC=0
--- probe len=344 round=2 arm=D2
# vt::Conv1d decomposition probe (#1334) -- threads=14 latents=344 repeats=2
# VLLM_CPP_CPU_THREADS=14  pool.NThreads()=14
geom                in_ch   out_ch      k    out_len     rows  chunks       wall_s     GMAC/s user/wall          fingerprint
dec_in_proj  k1        64     1024      1        344     1024      54      0.00059     38.221     13.85   0xddb899befb3ae1c3
conv_in      k7      1024     1536      7        344     1536      55      0.05031     75.287     13.71   0xac7cd33b02221f66
b0_res_conv1 k7       768      768      7       2752      768      55      0.15069     75.401     13.88   0xa8e5fac5635ff6ad
b0_res_conv2 k1       768      768      1       2752      768      55      0.03070     52.869     13.85   0x4a8a6d80036ab1f8
b1_res_conv1 k7       384      384      7      22016      384      55      0.28000     81.160     13.84   0x8f4e5f08594bfb72
b1_res_conv2 k1       384      384      1      22016      384      55      0.07466     43.481     13.87   0x59b2555c34c82e3e
b2_res_conv1 k7       192      192      7      88064      192      48      0.27966     81.259     13.74   0x55f62f6b2031b48e
b2_res_conv2 k1       192      192      1      88064      192      48      0.07703     42.144     13.30   0x32f8820bcc155bbe
b3_res_conv1 k7        96       96      7     176128       96      48      0.15599     72.840     13.35   0xff51851ab5ea4447
b3_res_conv2 k1        96       96      1     176128       96      48      0.03371     48.157     13.71   0x566eaca08e7fa63a
conv_out     k7        96        1      7     176128        1       1      0.00367     32.213     13.73    0xd24101c72b7ddb2
TOTAL(one of each)                                                           1.13701
RC=0
--- probe len=344 round=2 arm=D
# vt::Conv1d decomposition probe (#1334) -- threads=14 latents=344 repeats=2
# VLLM_CPP_CPU_THREADS=14  pool.NThreads()=14
geom                in_ch   out_ch      k    out_len     rows  chunks       wall_s     GMAC/s user/wall          fingerprint
dec_in_proj  k1        64     1024      1        344     1024      54      0.00061     37.063     14.73   0xddb899befb3ae1c3
conv_in      k7      1024     1536      7        344     1536      55      0.04883     77.565     13.85   0xac7cd33b02221f66
b0_res_conv1 k7       768      768      7       2752      768      55      0.14601     77.820     13.87   0xa8e5fac5635ff6ad
b0_res_conv2 k1       768      768      1       2752      768      55      0.03096     52.425     13.81   0x4a8a6d80036ab1f8
b1_res_conv1 k7       384      384      7      22016      384      55      0.27516     82.587     13.88   0x8f4e5f08594bfb72
b1_res_conv2 k1       384      384      1      22016      384      55      0.07670     42.327     13.75   0x59b2555c34c82e3e
b2_res_conv1 k7       192      192      7      88064      192      48      0.27644     82.205     13.89   0x55f62f6b2031b48e
b2_res_conv2 k1       192      192      1      88064      192      48      0.06962     46.633     13.79   0x32f8820bcc155bbe
b3_res_conv1 k7        96       96      7     176128       96      48      0.14565     78.011     13.74   0xff51851ab5ea4447
b3_res_conv2 k1        96       96      1     176128       96      48      0.03413     47.561     13.83   0x566eaca08e7fa63a
conv_out     k7        96        1      7     176128        1       1      0.00414     28.597     13.58    0xd24101c72b7ddb2
TOTAL(one of each)                                                           1.10824
RC=0
--- probe len=344 round=2 arm=C
# vt::Conv1d decomposition probe (#1334) -- threads=14 latents=344 repeats=2
# VLLM_CPP_CPU_THREADS=14  pool.NThreads()=14
geom                in_ch   out_ch      k    out_len     rows  chunks       wall_s     GMAC/s user/wall          fingerprint
dec_in_proj  k1        64     1024      1        344     1024      54      0.00065     34.435     13.14   0xddb899befb3ae1c3
conv_in      k7      1024     1536      7        344     1536      55      0.04761     79.556     13.73   0xac7cd33b02221f66
b0_res_conv1 k7       768      768      7       2752      768      55      0.14371     79.066     13.80   0xa8e5fac5635ff6ad
b0_res_conv2 k1       768      768      1       2752      768      55      0.02987     54.337     13.88   0x4a8a6d80036ab1f8
b1_res_conv1 k7       384      384      7      22016      384      55      0.27536     82.527     13.89   0x8f4e5f08594bfb72
b1_res_conv2 k1       384      384      1      22016      384      55      0.07628     42.560     13.84   0x59b2555c34c82e3e
b2_res_conv1 k7       192      192      7      88064      192      48      0.27636     82.230     13.88   0x55f62f6b2031b48e
b2_res_conv2 k1       192      192      1      88064      192      48      0.06764     47.996     13.84   0x32f8820bcc155bbe
b3_res_conv1 k7        96       96      7     176128       96      48      0.14293     79.494     13.86   0xff51851ab5ea4447
b3_res_conv2 k1        96       96      1     176128       96      48      0.03374     48.111     13.79   0x566eaca08e7fa63a
conv_out     k7        96        1      7     176128        1       1      0.00365     32.396     12.53    0xd24101c72b7ddb2
TOTAL(one of each)                                                           1.09780
RC=0
--- probe len=344 round=3 arm=C
# vt::Conv1d decomposition probe (#1334) -- threads=14 latents=344 repeats=2
# VLLM_CPP_CPU_THREADS=14  pool.NThreads()=14
geom                in_ch   out_ch      k    out_len     rows  chunks       wall_s     GMAC/s user/wall          fingerprint
dec_in_proj  k1        64     1024      1        344     1024      54      0.00053     42.583     14.91   0xddb899befb3ae1c3
conv_in      k7      1024     1536      7        344     1536      55      0.04660     81.272     13.87   0xac7cd33b02221f66
b0_res_conv1 k7       768      768      7       2752      768      55      0.14178     80.138     13.87   0xa8e5fac5635ff6ad
b0_res_conv2 k1       768      768      1       2752      768      55      0.03081     52.689     13.73   0x4a8a6d80036ab1f8
b1_res_conv1 k7       384      384      7      22016      384      55      0.27917     81.400     13.86   0x8f4e5f08594bfb72
b1_res_conv2 k1       384      384      1      22016      384      55      0.07897     41.110     13.74   0x59b2555c34c82e3e
b2_res_conv1 k7       192      192      7      88064      192      48      0.28209     80.558     13.75   0x55f62f6b2031b48e
b2_res_conv2 k1       192      192      1      88064      192      48      0.08649     37.534     13.37   0x32f8820bcc155bbe
b3_res_conv1 k7        96       96      7     176128       96      48      0.17849     63.657     12.62   0xff51851ab5ea4447
b3_res_conv2 k1        96       96      1     176128       96      48      0.03741     43.384     13.79   0x566eaca08e7fa63a
conv_out     k7        96        1      7     176128        1       1      0.00335     35.347     13.54    0xd24101c72b7ddb2
TOTAL(one of each)                                                           1.16571
RC=0
--- probe len=344 round=3 arm=D
# vt::Conv1d decomposition probe (#1334) -- threads=14 latents=344 repeats=2
# VLLM_CPP_CPU_THREADS=14  pool.NThreads()=14
geom                in_ch   out_ch      k    out_len     rows  chunks       wall_s     GMAC/s user/wall          fingerprint
dec_in_proj  k1        64     1024      1        344     1024      54      0.00049     45.896     10.24   0xddb899befb3ae1c3
conv_in      k7      1024     1536      7        344     1536      55      0.05166     73.314     13.67   0xac7cd33b02221f66
b0_res_conv1 k7       768      768      7       2752      768      55      0.15378     73.885     13.80   0xa8e5fac5635ff6ad
b0_res_conv2 k1       768      768      1       2752      768      55      0.03214     50.505     13.81   0x4a8a6d80036ab1f8
b1_res_conv1 k7       384      384      7      22016      384      55      0.27380     82.997     13.88   0x8f4e5f08594bfb72
b1_res_conv2 k1       384      384      1      22016      384      55      0.07973     40.715     13.80   0x59b2555c34c82e3e
b2_res_conv1 k7       192      192      7      88064      192      48      0.27238     83.431     13.92   0x55f62f6b2031b48e
b2_res_conv2 k1       192      192      1      88064      192      48      0.06929     46.850     13.80   0x32f8820bcc155bbe
b3_res_conv1 k7        96       96      7     176128       96      48      0.14275     79.594     13.86   0xff51851ab5ea4447
b3_res_conv2 k1        96       96      1     176128       96      48      0.03439     47.199     13.84   0x566eaca08e7fa63a
conv_out     k7        96        1      7     176128        1       1      0.00360     32.918     12.94    0xd24101c72b7ddb2
TOTAL(one of each)                                                           1.11402
RC=0
--- probe len=344 round=3 arm=D2
# vt::Conv1d decomposition probe (#1334) -- threads=14 latents=344 repeats=2
# VLLM_CPP_CPU_THREADS=14  pool.NThreads()=14
geom                in_ch   out_ch      k    out_len     rows  chunks       wall_s     GMAC/s user/wall          fingerprint
dec_in_proj  k1        64     1024      1        344     1024      54      0.00047     47.527     14.08   0xddb899befb3ae1c3
conv_in      k7      1024     1536      7        344     1536      55      0.05089     74.421     13.54   0xac7cd33b02221f66
b0_res_conv1 k7       768      768      7       2752      768      55      0.14831     76.611     13.88   0xa8e5fac5635ff6ad
b0_res_conv2 k1       768      768      1       2752      768      55      0.03114     52.131     13.94   0x4a8a6d80036ab1f8
b1_res_conv1 k7       384      384      7      22016      384      55      0.28001     81.156     13.83   0x8f4e5f08594bfb72
b1_res_conv2 k1       384      384      1      22016      384      55      0.07990     40.630     13.79   0x59b2555c34c82e3e
b2_res_conv1 k7       192      192      7      88064      192      48      0.28076     80.940     13.81   0x55f62f6b2031b48e
b2_res_conv2 k1       192      192      1      88064      192      48      0.07375     44.017     13.87   0x32f8820bcc155bbe
b3_res_conv1 k7        96       96      7     176128       96      48      0.14470     78.522     13.86   0xff51851ab5ea4447
b3_res_conv2 k1        96       96      1     176128       96      48      0.03807     42.636     13.19   0x566eaca08e7fa63a
conv_out     k7        96        1      7     176128        1       1      0.00360     32.846     13.73    0xd24101c72b7ddb2
TOTAL(one of each)                                                           1.13162
RC=0
--- probe len=344 round=4 arm=D2
# vt::Conv1d decomposition probe (#1334) -- threads=14 latents=344 repeats=2
# VLLM_CPP_CPU_THREADS=14  pool.NThreads()=14
geom                in_ch   out_ch      k    out_len     rows  chunks       wall_s     GMAC/s user/wall          fingerprint
dec_in_proj  k1        64     1024      1        344     1024      54      0.00051     44.556     11.06   0xddb899befb3ae1c3
conv_in      k7      1024     1536      7        344     1536      55      0.04886     77.518     13.89   0xac7cd33b02221f66
b0_res_conv1 k7       768      768      7       2752      768      55      0.14836     76.585     13.85   0xa8e5fac5635ff6ad
b0_res_conv2 k1       768      768      1       2752      768      55      0.03029     53.595     13.82   0x4a8a6d80036ab1f8
b1_res_conv1 k7       384      384      7      22016      384      55      0.27487     82.674     13.87   0x8f4e5f08594bfb72
b1_res_conv2 k1       384      384      1      22016      384      55      0.08321     39.017     13.71   0x59b2555c34c82e3e
b2_res_conv1 k7       192      192      7      88064      192      48      0.28793     78.923     13.73   0x55f62f6b2031b48e
b2_res_conv2 k1       192      192      1      88064      192      48      0.07394     43.906     13.56   0x32f8820bcc155bbe
b3_res_conv1 k7        96       96      7     176128       96      48      0.16613     68.393     13.43   0xff51851ab5ea4447
b3_res_conv2 k1        96       96      1     176128       96      48      0.03507     46.281     13.78   0x566eaca08e7fa63a
conv_out     k7        96        1      7     176128        1       1      0.00335     35.368     13.01    0xd24101c72b7ddb2
TOTAL(one of each)                                                           1.15252
RC=0
--- probe len=344 round=4 arm=D
# vt::Conv1d decomposition probe (#1334) -- threads=14 latents=344 repeats=2
# VLLM_CPP_CPU_THREADS=14  pool.NThreads()=14
geom                in_ch   out_ch      k    out_len     rows  chunks       wall_s     GMAC/s user/wall          fingerprint
dec_in_proj  k1        64     1024      1        344     1024      54      0.00051     44.378     12.72   0xddb899befb3ae1c3
conv_in      k7      1024     1536      7        344     1536      55      0.04962     76.323     13.89   0xac7cd33b02221f66
b0_res_conv1 k7       768      768      7       2752      768      55      0.14699     77.298     13.88   0xa8e5fac5635ff6ad
b0_res_conv2 k1       768      768      1       2752      768      55      0.03004     54.040     13.79   0x4a8a6d80036ab1f8
b1_res_conv1 k7       384      384      7      22016      384      55      0.27486     82.678     13.87   0x8f4e5f08594bfb72
b1_res_conv2 k1       384      384      1      22016      384      55      0.07715     42.079     13.90   0x59b2555c34c82e3e
b2_res_conv1 k7       192      192      7      88064      192      48      0.27532     82.538     13.90   0x55f62f6b2031b48e
b2_res_conv2 k1       192      192      1      88064      192      48      0.06895     47.084     13.83   0x32f8820bcc155bbe
b3_res_conv1 k7        96       96      7     176128       96      48      0.14495     78.390     13.90   0xff51851ab5ea4447
b3_res_conv2 k1        96       96      1     176128       96      48      0.03590     45.219     13.87   0x566eaca08e7fa63a
conv_out     k7        96        1      7     176128        1       1      0.00491     24.094     13.67    0xd24101c72b7ddb2
TOTAL(one of each)                                                           1.10920
RC=0
--- probe len=344 round=4 arm=C
# vt::Conv1d decomposition probe (#1334) -- threads=14 latents=344 repeats=2
# VLLM_CPP_CPU_THREADS=14  pool.NThreads()=14
geom                in_ch   out_ch      k    out_len     rows  chunks       wall_s     GMAC/s user/wall          fingerprint
dec_in_proj  k1        64     1024      1        344     1024      54      0.00068     33.317     12.87   0xddb899befb3ae1c3
conv_in      k7      1024     1536      7        344     1536      55      0.04794     78.998     13.74   0xac7cd33b02221f66
b0_res_conv1 k7       768      768      7       2752      768      55      0.14307     79.420     13.87   0xa8e5fac5635ff6ad
b0_res_conv2 k1       768      768      1       2752      768      55      0.03128     51.891     13.89   0x4a8a6d80036ab1f8
b1_res_conv1 k7       384      384      7      22016      384      55      0.28035     81.058     13.73   0x8f4e5f08594bfb72
b1_res_conv2 k1       384      384      1      22016      384      55      0.07223     44.946     13.85   0x59b2555c34c82e3e
b2_res_conv1 k7       192      192      7      88064      192      48      0.28167     80.680     13.80   0x55f62f6b2031b48e
b2_res_conv2 k1       192      192      1      88064      192      48      0.06890     47.118     13.77   0x32f8820bcc155bbe
b3_res_conv1 k7        96       96      7     176128       96      48      0.14927     76.117     13.69   0xff51851ab5ea4447
b3_res_conv2 k1        96       96      1     176128       96      48      0.03470     46.778     13.80   0x566eaca08e7fa63a
conv_out     k7        96        1      7     176128        1       1      0.00369     32.036     13.43    0xd24101c72b7ddb2
TOTAL(one of each)                                                           1.11378
RC=0
--- probe len=344 round=5 arm=C
# vt::Conv1d decomposition probe (#1334) -- threads=14 latents=344 repeats=2
# VLLM_CPP_CPU_THREADS=14  pool.NThreads()=14
geom                in_ch   out_ch      k    out_len     rows  chunks       wall_s     GMAC/s user/wall          fingerprint
dec_in_proj  k1        64     1024      1        344     1024      54      0.00052     43.609     14.13   0xddb899befb3ae1c3
conv_in      k7      1024     1536      7        344     1536      55      0.04822     78.538     13.76   0xac7cd33b02221f66
b0_res_conv1 k7       768      768      7       2752      768      55      0.14407     78.865     13.85   0xa8e5fac5635ff6ad
b0_res_conv2 k1       768      768      1       2752      768      55      0.03169     51.226     13.60   0x4a8a6d80036ab1f8
b1_res_conv1 k7       384      384      7      22016      384      55      0.27699     82.042     13.86   0x8f4e5f08594bfb72
b1_res_conv2 k1       384      384      1      22016      384      55      0.08197     39.606     13.80   0x59b2555c34c82e3e
b2_res_conv1 k7       192      192      7      88064      192      48      0.27498     82.641     13.89   0x55f62f6b2031b48e
b2_res_conv2 k1       192      192      1      88064      192      48      0.08576     37.853     12.75   0x32f8820bcc155bbe
b3_res_conv1 k7        96       96      7     176128       96      48      0.14781     76.871     13.64   0xff51851ab5ea4447
b3_res_conv2 k1        96       96      1     176128       96      48      0.03520     46.114     13.79   0x566eaca08e7fa63a
conv_out     k7        96        1      7     176128        1       1      0.00368     32.172     13.59    0xd24101c72b7ddb2
TOTAL(one of each)                                                           1.13089
RC=0
--- probe len=344 round=5 arm=D
# vt::Conv1d decomposition probe (#1334) -- threads=14 latents=344 repeats=2
# VLLM_CPP_CPU_THREADS=14  pool.NThreads()=14
geom                in_ch   out_ch      k    out_len     rows  chunks       wall_s     GMAC/s user/wall          fingerprint
dec_in_proj  k1        64     1024      1        344     1024      54      0.00049     45.597     13.10   0xddb899befb3ae1c3
conv_in      k7      1024     1536      7        344     1536      55      0.05164     73.338     13.44   0xac7cd33b02221f66
b0_res_conv1 k7       768      768      7       2752      768      55      0.14834     76.596     13.85   0xa8e5fac5635ff6ad
b0_res_conv2 k1       768      768      1       2752      768      55      0.03205     50.642     13.89   0x4a8a6d80036ab1f8
b1_res_conv1 k7       384      384      7      22016      384      55      0.27557     82.466     13.84   0x8f4e5f08594bfb72
b1_res_conv2 k1       384      384      1      22016      384      55      0.07955     40.811     13.89   0x59b2555c34c82e3e
b2_res_conv1 k7       192      192      7      88064      192      48      0.27418     82.883     13.79   0x55f62f6b2031b48e
b2_res_conv2 k1       192      192      1      88064      192      48      0.06513     49.841     13.89   0x32f8820bcc155bbe
b3_res_conv1 k7        96       96      7     176128       96      48      0.14536     78.165     13.73   0xff51851ab5ea4447
b3_res_conv2 k1        96       96      1     176128       96      48      0.03414     47.547     13.67   0x566eaca08e7fa63a
conv_out     k7        96        1      7     176128        1       1      0.00363     32.610     13.31    0xd24101c72b7ddb2
TOTAL(one of each)                                                           1.11009
RC=0
--- probe len=344 round=5 arm=D2
# vt::Conv1d decomposition probe (#1334) -- threads=14 latents=344 repeats=2
# VLLM_CPP_CPU_THREADS=14  pool.NThreads()=14
geom                in_ch   out_ch      k    out_len     rows  chunks       wall_s     GMAC/s user/wall          fingerprint
dec_in_proj  k1        64     1024      1        344     1024      54      0.00059     37.994     13.11   0xddb899befb3ae1c3
conv_in      k7      1024     1536      7        344     1536      55      0.04932     76.789     13.84   0xac7cd33b02221f66
b0_res_conv1 k7       768      768      7       2752      768      55      0.14420     78.798     13.88   0xa8e5fac5635ff6ad
b0_res_conv2 k1       768      768      1       2752      768      55      0.03027     53.620     13.91   0x4a8a6d80036ab1f8
b1_res_conv1 k7       384      384      7      22016      384      55      0.28327     80.223     13.76   0x8f4e5f08594bfb72
b1_res_conv2 k1       384      384      1      22016      384      55      0.07296     44.493     13.80   0x59b2555c34c82e3e
b2_res_conv1 k7       192      192      7      88064      192      48      0.27417     82.885     13.90   0x55f62f6b2031b48e
b2_res_conv2 k1       192      192      1      88064      192      48      0.06507     49.893     13.80   0x32f8820bcc155bbe
b3_res_conv1 k7        96       96      7     176128       96      48      0.14430     78.741     13.85   0xff51851ab5ea4447
b3_res_conv2 k1        96       96      1     176128       96      48      0.03409     47.617     13.79   0x566eaca08e7fa63a
conv_out     k7        96        1      7     176128        1       1      0.00351     33.750     13.82    0xd24101c72b7ddb2
TOTAL(one of each)                                                           1.10176
RC=0
--- probe len=344 round=6 arm=D2
# vt::Conv1d decomposition probe (#1334) -- threads=14 latents=344 repeats=2
# VLLM_CPP_CPU_THREADS=14  pool.NThreads()=14
geom                in_ch   out_ch      k    out_len     rows  chunks       wall_s     GMAC/s user/wall          fingerprint
dec_in_proj  k1        64     1024      1        344     1024      54      0.00075     29.963     14.49   0xddb899befb3ae1c3
conv_in      k7      1024     1536      7        344     1536      55      0.05080     74.553     13.75   0xac7cd33b02221f66
b0_res_conv1 k7       768      768      7       2752      768      55      0.15198     74.762     13.77   0xa8e5fac5635ff6ad
b0_res_conv2 k1       768      768      1       2752      768      55      0.03023     53.702     13.82   0x4a8a6d80036ab1f8
b1_res_conv1 k7       384      384      7      22016      384      55      0.27526     82.558     13.86   0x8f4e5f08594bfb72
b1_res_conv2 k1       384      384      1      22016      384      55      0.06999     46.380     13.87   0x59b2555c34c82e3e
b2_res_conv1 k7       192      192      7      88064      192      48      0.31398     72.375     13.46   0x55f62f6b2031b48e
b2_res_conv2 k1       192      192      1      88064      192      48      0.07103     45.704     13.57   0x32f8820bcc155bbe
b3_res_conv1 k7        96       96      7     176128       96      48      0.14275     79.598     13.87   0xff51851ab5ea4447
b3_res_conv2 k1        96       96      1     176128       96      48      0.03425     47.397     13.79   0x566eaca08e7fa63a
conv_out     k7        96        1      7     176128        1       1      0.00350     33.829     13.55    0xd24101c72b7ddb2
TOTAL(one of each)                                                           1.14452
RC=0
--- probe len=344 round=6 arm=D
# vt::Conv1d decomposition probe (#1334) -- threads=14 latents=344 repeats=2
# VLLM_CPP_CPU_THREADS=14  pool.NThreads()=14
geom                in_ch   out_ch      k    out_len     rows  chunks       wall_s     GMAC/s user/wall          fingerprint
dec_in_proj  k1        64     1024      1        344     1024      54      0.00065     34.441     15.89   0xddb899befb3ae1c3
conv_in      k7      1024     1536      7        344     1536      55      0.04969     76.228     13.83   0xac7cd33b02221f66
b0_res_conv1 k7       768      768      7       2752      768      55      0.14725     77.162     13.85   0xa8e5fac5635ff6ad
b0_res_conv2 k1       768      768      1       2752      768      55      0.03033     53.518     13.78   0x4a8a6d80036ab1f8
b1_res_conv1 k7       384      384      7      22016      384      55      0.27525     82.559     13.84   0x8f4e5f08594bfb72
b1_res_conv2 k1       384      384      1      22016      384      55      0.06964     46.617     13.87   0x59b2555c34c82e3e
b2_res_conv1 k7       192      192      7      88064      192      48      0.27948     81.312     13.79   0x55f62f6b2031b48e
b2_res_conv2 k1       192      192      1      88064      192      48      0.06962     46.629     13.85   0x32f8820bcc155bbe
b3_res_conv1 k7        96       96      7     176128       96      48      0.14371     79.063     13.79   0xff51851ab5ea4447
b3_res_conv2 k1        96       96      1     176128       96      48      0.03489     46.522     13.83   0x566eaca08e7fa63a
conv_out     k7        96        1      7     176128        1       1      0.00363     32.647     13.62    0xd24101c72b7ddb2
TOTAL(one of each)                                                           1.10414
RC=0
--- probe len=344 round=6 arm=C
# vt::Conv1d decomposition probe (#1334) -- threads=14 latents=344 repeats=2
# VLLM_CPP_CPU_THREADS=14  pool.NThreads()=14
geom                in_ch   out_ch      k    out_len     rows  chunks       wall_s     GMAC/s user/wall          fingerprint
dec_in_proj  k1        64     1024      1        344     1024      54      0.00052     43.513     14.97   0xddb899befb3ae1c3
conv_in      k7      1024     1536      7        344     1536      55      0.04867     77.825     13.77   0xac7cd33b02221f66
b0_res_conv1 k7       768      768      7       2752      768      55      0.14146     80.324     13.86   0xa8e5fac5635ff6ad
b0_res_conv2 k1       768      768      1       2752      768      55      0.03144     51.631     13.59   0x4a8a6d80036ab1f8
b1_res_conv1 k7       384      384      7      22016      384      55      0.27539     82.518     13.87   0x8f4e5f08594bfb72
b1_res_conv2 k1       384      384      1      22016      384      55      0.07767     41.795     13.91   0x59b2555c34c82e3e
b2_res_conv1 k7       192      192      7      88064      192      48      0.27786     81.784     13.90   0x55f62f6b2031b48e
b2_res_conv2 k1       192      192      1      88064      192      48      0.08243     39.383     13.83   0x32f8820bcc155bbe
b3_res_conv1 k7        96       96      7     176128       96      48      0.14949     76.006     13.72   0xff51851ab5ea4447
b3_res_conv2 k1        96       96      1     176128       96      48      0.03608     44.994     13.82   0x566eaca08e7fa63a
conv_out     k7        96        1      7     176128        1       1      0.00355     33.378     13.39    0xd24101c72b7ddb2
TOTAL(one of each)                                                           1.12455
RC=0
--- probe len=344 round=7 arm=C
# vt::Conv1d decomposition probe (#1334) -- threads=14 latents=344 repeats=2
# VLLM_CPP_CPU_THREADS=14  pool.NThreads()=14
geom                in_ch   out_ch      k    out_len     rows  chunks       wall_s     GMAC/s user/wall          fingerprint
dec_in_proj  k1        64     1024      1        344     1024      54      0.00050     45.085     14.25   0xddb899befb3ae1c3
conv_in      k7      1024     1536      7        344     1536      55      0.04893     77.413     13.77   0xac7cd33b02221f66
b0_res_conv1 k7       768      768      7       2752      768      55      0.14321     79.338     13.84   0xa8e5fac5635ff6ad
b0_res_conv2 k1       768      768      1       2752      768      55      0.03141     51.679     13.86   0x4a8a6d80036ab1f8
b1_res_conv1 k7       384      384      7      22016      384      55      0.27905     81.436     13.82   0x8f4e5f08594bfb72
b1_res_conv2 k1       384      384      1      22016      384      55      0.08287     39.173     13.82   0x59b2555c34c82e3e
b2_res_conv1 k7       192      192      7      88064      192      48      0.36526     62.215     12.28   0x55f62f6b2031b48e
b2_res_conv2 k1       192      192      1      88064      192      48      0.08480     38.283     13.82   0x32f8820bcc155bbe
b3_res_conv1 k7        96       96      7     176128       96      48      0.15022     75.640     13.73   0xff51851ab5ea4447
b3_res_conv2 k1        96       96      1     176128       96      48      0.03620     44.838     13.78   0x566eaca08e7fa63a
conv_out     k7        96        1      7     176128        1       1      0.00356     33.230     13.90    0xd24101c72b7ddb2
TOTAL(one of each)                                                           1.22601
RC=0
--- probe len=344 round=7 arm=D
# vt::Conv1d decomposition probe (#1334) -- threads=14 latents=344 repeats=2
# VLLM_CPP_CPU_THREADS=14  pool.NThreads()=14
geom                in_ch   out_ch      k    out_len     rows  chunks       wall_s     GMAC/s user/wall          fingerprint
dec_in_proj  k1        64     1024      1        344     1024      54      0.00049     46.064     11.06   0xddb899befb3ae1c3
conv_in      k7      1024     1536      7        344     1536      55      0.05047     75.046     13.85   0xac7cd33b02221f66
b0_res_conv1 k7       768      768      7       2752      768      55      0.14895     76.282     13.86   0xa8e5fac5635ff6ad
b0_res_conv2 k1       768      768      1       2752      768      55      0.03312     49.008     13.77   0x4a8a6d80036ab1f8
b1_res_conv1 k7       384      384      7      22016      384      55      0.27453     82.777     13.87   0x8f4e5f08594bfb72
b1_res_conv2 k1       384      384      1      22016      384      55      0.07005     46.344     13.78   0x59b2555c34c82e3e
b2_res_conv1 k7       192      192      7      88064      192      48      0.27603     82.328     13.90   0x55f62f6b2031b48e
b2_res_conv2 k1       192      192      1      88064      192      48      0.08173     39.722     13.63   0x32f8820bcc155bbe
b3_res_conv1 k7        96       96      7     176128       96      48      0.14278     79.580     13.86   0xff51851ab5ea4447
b3_res_conv2 k1        96       96      1     176128       96      48      0.03366     48.219     13.86   0x566eaca08e7fa63a
conv_out     k7        96        1      7     176128        1       1      0.00381     31.050     13.50    0xd24101c72b7ddb2
TOTAL(one of each)                                                           1.11562
RC=0
--- probe len=344 round=7 arm=D2
# vt::Conv1d decomposition probe (#1334) -- threads=14 latents=344 repeats=2
# VLLM_CPP_CPU_THREADS=14  pool.NThreads()=14
geom                in_ch   out_ch      k    out_len     rows  chunks       wall_s     GMAC/s user/wall          fingerprint
dec_in_proj  k1        64     1024      1        344     1024      54      0.00051     44.133     13.97   0xddb899befb3ae1c3
conv_in      k7      1024     1536      7        344     1536      55      0.04954     76.460     13.78   0xac7cd33b02221f66
b0_res_conv1 k7       768      768      7       2752      768      55      0.14703     77.279     13.85   0xa8e5fac5635ff6ad
b0_res_conv2 k1       768      768      1       2752      768      55      0.02984     54.398     13.88   0x4a8a6d80036ab1f8
b1_res_conv1 k7       384      384      7      22016      384      55      0.27384     82.986     13.89   0x8f4e5f08594bfb72
b1_res_conv2 k1       384      384      1      22016      384      55      0.07057     46.005     13.80   0x59b2555c34c82e3e
b2_res_conv1 k7       192      192      7      88064      192      48      0.27479     82.698     13.87   0x55f62f6b2031b48e
b2_res_conv2 k1       192      192      1      88064      192      48      0.07488     43.352     13.86   0x32f8820bcc155bbe
b3_res_conv1 k7        96       96      7     176128       96      48      0.14414     78.826     13.87   0xff51851ab5ea4447
b3_res_conv2 k1        96       96      1     176128       96      48      0.03793     42.795     13.87   0x566eaca08e7fa63a
conv_out     k7        96        1      7     176128        1       1      0.00377     31.436     13.71    0xd24101c72b7ddb2
TOTAL(one of each)                                                           1.10683
RC=0
--- probe len=344 round=8 arm=D2
# vt::Conv1d decomposition probe (#1334) -- threads=14 latents=344 repeats=2
# VLLM_CPP_CPU_THREADS=14  pool.NThreads()=14
geom                in_ch   out_ch      k    out_len     rows  chunks       wall_s     GMAC/s user/wall          fingerprint
dec_in_proj  k1        64     1024      1        344     1024      54      0.00064     35.026     10.11   0xddb899befb3ae1c3
conv_in      k7      1024     1536      7        344     1536      55      0.04969     76.215     13.91   0xac7cd33b02221f66
b0_res_conv1 k7       768      768      7       2752      768      55      0.14752     77.021     13.89   0xa8e5fac5635ff6ad
b0_res_conv2 k1       768      768      1       2752      768      55      0.03047     53.264     13.81   0x4a8a6d80036ab1f8
b1_res_conv1 k7       384      384      7      22016      384      55      0.27779     81.806     13.82   0x8f4e5f08594bfb72
b1_res_conv2 k1       384      384      1      22016      384      55      0.09258     35.066     12.71   0x59b2555c34c82e3e
[heartbeat] 2026-08-23T13:55:42Z
b2_res_conv1 k7       192      192      7      88064      192      48      0.28886     78.669     13.78   0x55f62f6b2031b48e
b2_res_conv2 k1       192      192      1      88064      192      48      0.07172     45.264     13.86   0x32f8820bcc155bbe
b3_res_conv1 k7        96       96      7     176128       96      48      0.14769     76.935     13.68   0xff51851ab5ea4447
b3_res_conv2 k1        96       96      1     176128       96      48      0.03419     47.478     13.88   0x566eaca08e7fa63a
conv_out     k7        96        1      7     176128        1       1      0.00337     35.145     14.06    0xd24101c72b7ddb2
TOTAL(one of each)                                                           1.14453
RC=0
--- probe len=344 round=8 arm=D
# vt::Conv1d decomposition probe (#1334) -- threads=14 latents=344 repeats=2
# VLLM_CPP_CPU_THREADS=14  pool.NThreads()=14
geom                in_ch   out_ch      k    out_len     rows  chunks       wall_s     GMAC/s user/wall          fingerprint
dec_in_proj  k1        64     1024      1        344     1024      54      0.00049     45.824     14.88   0xddb899befb3ae1c3
conv_in      k7      1024     1536      7        344     1536      55      0.05002     75.712     13.75   0xac7cd33b02221f66
b0_res_conv1 k7       768      768      7       2752      768      55      0.15474     73.429     13.59   0xa8e5fac5635ff6ad
b0_res_conv2 k1       768      768      1       2752      768      55      0.03102     52.331     13.79   0x4a8a6d80036ab1f8
b1_res_conv1 k7       384      384      7      22016      384      55      0.27651     82.183     13.87   0x8f4e5f08594bfb72
b1_res_conv2 k1       384      384      1      22016      384      55      0.08277     39.222     13.68   0x59b2555c34c82e3e
b2_res_conv1 k7       192      192      7      88064      192      48      0.28053     81.005     13.85   0x55f62f6b2031b48e
b2_res_conv2 k1       192      192      1      88064      192      48      0.07390     43.929     13.79   0x32f8820bcc155bbe
b3_res_conv1 k7        96       96      7     176128       96      48      0.14308     79.410     13.89   0xff51851ab5ea4447
b3_res_conv2 k1        96       96      1     176128       96      48      0.03570     45.468     13.81   0x566eaca08e7fa63a
conv_out     k7        96        1      7     176128        1       1      0.00347     34.099     12.99    0xd24101c72b7ddb2
TOTAL(one of each)                                                           1.13224
RC=0
--- probe len=344 round=8 arm=C
# vt::Conv1d decomposition probe (#1334) -- threads=14 latents=344 repeats=2
# VLLM_CPP_CPU_THREADS=14  pool.NThreads()=14
geom                in_ch   out_ch      k    out_len     rows  chunks       wall_s     GMAC/s user/wall          fingerprint
dec_in_proj  k1        64     1024      1        344     1024      54      0.00072     31.482     12.94   0xddb899befb3ae1c3
conv_in      k7      1024     1536      7        344     1536      55      0.04647     81.505     13.79   0xac7cd33b02221f66
b0_res_conv1 k7       768      768      7       2752      768      55      0.14325     79.320     13.86   0xa8e5fac5635ff6ad
b0_res_conv2 k1       768      768      1       2752      768      55      0.03112     52.155     13.67   0x4a8a6d80036ab1f8
b1_res_conv1 k7       384      384      7      22016      384      55      0.27904     81.438     13.79   0x8f4e5f08594bfb72
b1_res_conv2 k1       384      384      1      22016      384      55      0.07790     41.672     13.88   0x59b2555c34c82e3e
b2_res_conv1 k7       192      192      7      88064      192      48      0.27706     82.022     13.87   0x55f62f6b2031b48e
b2_res_conv2 k1       192      192      1      88064      192      48      0.07268     44.668     13.86   0x32f8820bcc155bbe
b3_res_conv1 k7        96       96      7     176128       96      48      0.14397     78.924     13.87   0xff51851ab5ea4447
b3_res_conv2 k1        96       96      1     176128       96      48      0.03434     47.262     13.86   0x566eaca08e7fa63a
conv_out     k7        96        1      7     176128        1       1      0.00338     35.061     13.92    0xd24101c72b7ddb2
TOTAL(one of each)                                                           1.10992
RC=0
--- probe len=344 round=9 arm=C
# vt::Conv1d decomposition probe (#1334) -- threads=14 latents=344 repeats=2
# VLLM_CPP_CPU_THREADS=14  pool.NThreads()=14
geom                in_ch   out_ch      k    out_len     rows  chunks       wall_s     GMAC/s user/wall          fingerprint
dec_in_proj  k1        64     1024      1        344     1024      54      0.00050     44.708     11.02   0xddb899befb3ae1c3
conv_in      k7      1024     1536      7        344     1536      55      0.04717     80.290     13.88   0xac7cd33b02221f66
b0_res_conv1 k7       768      768      7       2752      768      55      0.14373     79.053     13.76   0xa8e5fac5635ff6ad
b0_res_conv2 k1       768      768      1       2752      768      55      0.03052     53.191     13.80   0x4a8a6d80036ab1f8
b1_res_conv1 k7       384      384      7      22016      384      55      0.30678     74.075     13.68   0x8f4e5f08594bfb72
b1_res_conv2 k1       384      384      1      22016      384      55      0.08251     39.344     13.71   0x59b2555c34c82e3e
b2_res_conv1 k7       192      192      7      88064      192      48      0.27244     83.411     13.91   0x55f62f6b2031b48e
b2_res_conv2 k1       192      192      1      88064      192      48      0.07329     44.297     13.83   0x32f8820bcc155bbe
b3_res_conv1 k7        96       96      7     176128       96      48      0.14279     79.573     13.84   0xff51851ab5ea4447
b3_res_conv2 k1        96       96      1     176128       96      48      0.03338     48.631     13.87   0x566eaca08e7fa63a
conv_out     k7        96        1      7     176128        1       1      0.00370     32.020     13.11    0xd24101c72b7ddb2
TOTAL(one of each)                                                           1.13681
RC=0
--- probe len=344 round=9 arm=D
# vt::Conv1d decomposition probe (#1334) -- threads=14 latents=344 repeats=2
# VLLM_CPP_CPU_THREADS=14  pool.NThreads()=14
geom                in_ch   out_ch      k    out_len     rows  chunks       wall_s     GMAC/s user/wall          fingerprint
dec_in_proj  k1        64     1024      1        344     1024      54      0.00050     44.701     10.02   0xddb899befb3ae1c3
conv_in      k7      1024     1536      7        344     1536      55      0.04953     76.473     13.75   0xac7cd33b02221f66
b0_res_conv1 k7       768      768      7       2752      768      55      0.15046     75.517     13.75   0xa8e5fac5635ff6ad
b0_res_conv2 k1       768      768      1       2752      768      55      0.03028     53.611     13.81   0x4a8a6d80036ab1f8
b1_res_conv1 k7       384      384      7      22016      384      55      0.27615     82.291     13.87   0x8f4e5f08594bfb72
b1_res_conv2 k1       384      384      1      22016      384      55      0.07821     41.510     13.86   0x59b2555c34c82e3e
b2_res_conv1 k7       192      192      7      88064      192      48      0.27656     82.168     13.86   0x55f62f6b2031b48e
b2_res_conv2 k1       192      192      1      88064      192      48      0.07515     43.201     13.80   0x32f8820bcc155bbe
b3_res_conv1 k7        96       96      7     176128       96      48      0.14324     79.323     13.84   0xff51851ab5ea4447
b3_res_conv2 k1        96       96      1     176128       96      48      0.03655     44.405     13.47   0x566eaca08e7fa63a
conv_out     k7        96        1      7     176128        1       1      0.00364     32.490     13.14    0xd24101c72b7ddb2
TOTAL(one of each)                                                           1.12028
RC=0
--- probe len=344 round=9 arm=D2
# vt::Conv1d decomposition probe (#1334) -- threads=14 latents=344 repeats=2
# VLLM_CPP_CPU_THREADS=14  pool.NThreads()=14
geom                in_ch   out_ch      k    out_len     rows  chunks       wall_s     GMAC/s user/wall          fingerprint
dec_in_proj  k1        64     1024      1        344     1024      54      0.00068     33.181     17.40   0xddb899befb3ae1c3
conv_in      k7      1024     1536      7        344     1536      55      0.04919     76.994     13.81   0xac7cd33b02221f66
b0_res_conv1 k7       768      768      7       2752      768      55      0.15021     75.642     13.84   0xa8e5fac5635ff6ad
b0_res_conv2 k1       768      768      1       2752      768      55      0.03072     52.845     13.82   0x4a8a6d80036ab1f8
b1_res_conv1 k7       384      384      7      22016      384      55      0.27693     82.061     13.81   0x8f4e5f08594bfb72
b1_res_conv2 k1       384      384      1      22016      384      55      0.07554     42.973     13.83   0x59b2555c34c82e3e
b2_res_conv1 k7       192      192      7      88064      192      48      0.27865     81.554     13.83   0x55f62f6b2031b48e
b2_res_conv2 k1       192      192      1      88064      192      48      0.06685     48.563     13.83   0x32f8820bcc155bbe
b3_res_conv1 k7        96       96      7     176128       96      48      0.14230     79.849     13.88   0xff51851ab5ea4447
b3_res_conv2 k1        96       96      1     176128       96      48      0.03501     46.358     13.66   0x566eaca08e7fa63a
conv_out     k7        96        1      7     176128        1       1      0.00372     31.849     13.70    0xd24101c72b7ddb2
TOTAL(one of each)                                                           1.10979
RC=0
--- probe len=344 round=10 arm=D2
# vt::Conv1d decomposition probe (#1334) -- threads=14 latents=344 repeats=2
# VLLM_CPP_CPU_THREADS=14  pool.NThreads()=14
geom                in_ch   out_ch      k    out_len     rows  chunks       wall_s     GMAC/s user/wall          fingerprint
dec_in_proj  k1        64     1024      1        344     1024      54      0.00049     46.361     11.07   0xddb899befb3ae1c3
conv_in      k7      1024     1536      7        344     1536      55      0.04954     76.450     13.91   0xac7cd33b02221f66
b0_res_conv1 k7       768      768      7       2752      768      55      0.14889     76.312     13.82   0xa8e5fac5635ff6ad
b0_res_conv2 k1       768      768      1       2752      768      55      0.03171     51.191     13.79   0x4a8a6d80036ab1f8
b1_res_conv1 k7       384      384      7      22016      384      55      0.34494     65.880     13.07   0x8f4e5f08594bfb72
b1_res_conv2 k1       384      384      1      22016      384      55      0.07367     44.065     13.61   0x59b2555c34c82e3e
b2_res_conv1 k7       192      192      7      88064      192      48      0.27561     82.452     13.85   0x55f62f6b2031b48e
b2_res_conv2 k1       192      192      1      88064      192      48      0.06473     50.152     13.86   0x32f8820bcc155bbe
b3_res_conv1 k7        96       96      7     176128       96      48      0.14218     79.913     13.85   0xff51851ab5ea4447
b3_res_conv2 k1        96       96      1     176128       96      48      0.03443     47.144     13.87   0x566eaca08e7fa63a
conv_out     k7        96        1      7     176128        1       1      0.00355     33.316     13.36    0xd24101c72b7ddb2
TOTAL(one of each)                                                           1.16975
RC=0
--- probe len=344 round=10 arm=D
# vt::Conv1d decomposition probe (#1334) -- threads=14 latents=344 repeats=2
# VLLM_CPP_CPU_THREADS=14  pool.NThreads()=14
geom                in_ch   out_ch      k    out_len     rows  chunks       wall_s     GMAC/s user/wall          fingerprint
dec_in_proj  k1        64     1024      1        344     1024      54      0.00046     48.816     13.19   0xddb899befb3ae1c3
conv_in      k7      1024     1536      7        344     1536      55      0.04919     76.997     13.88   0xac7cd33b02221f66
b0_res_conv1 k7       768      768      7       2752      768      55      0.14707     77.261     13.84   0xa8e5fac5635ff6ad
b0_res_conv2 k1       768      768      1       2752      768      55      0.03077     52.746     13.83   0x4a8a6d80036ab1f8
b1_res_conv1 k7       384      384      7      22016      384      55      0.27395     82.953     13.86   0x8f4e5f08594bfb72
b1_res_conv2 k1       384      384      1      22016      384      55      0.06442     50.395     13.90   0x59b2555c34c82e3e
b2_res_conv1 k7       192      192      7      88064      192      48      0.27948     81.311     13.81   0x55f62f6b2031b48e
b2_res_conv2 k1       192      192      1      88064      192      48      0.06910     46.980     13.91   0x32f8820bcc155bbe
b3_res_conv1 k7        96       96      7     176128       96      48      0.14551     78.089     13.88   0xff51851ab5ea4447
b3_res_conv2 k1        96       96      1     176128       96      48      0.03451     47.036     13.88   0x566eaca08e7fa63a
conv_out     k7        96        1      7     176128        1       1      0.00351     33.678     13.87    0xd24101c72b7ddb2
TOTAL(one of each)                                                           1.09797
RC=0
--- probe len=344 round=10 arm=C
# vt::Conv1d decomposition probe (#1334) -- threads=14 latents=344 repeats=2
# VLLM_CPP_CPU_THREADS=14  pool.NThreads()=14
geom                in_ch   out_ch      k    out_len     rows  chunks       wall_s     GMAC/s user/wall          fingerprint
dec_in_proj  k1        64     1024      1        344     1024      54      0.00064     35.145     14.09   0xddb899befb3ae1c3
conv_in      k7      1024     1536      7        344     1536      55      0.04740     79.903     13.80   0xac7cd33b02221f66
b0_res_conv1 k7       768      768      7       2752      768      55      0.14329     79.294     13.86   0xa8e5fac5635ff6ad
b0_res_conv2 k1       768      768      1       2752      768      55      0.03038     53.436     13.87   0x4a8a6d80036ab1f8
b1_res_conv1 k7       384      384      7      22016      384      55      0.27591     82.362     13.86   0x8f4e5f08594bfb72
b1_res_conv2 k1       384      384      1      22016      384      55      0.07308     44.425     13.87   0x59b2555c34c82e3e
b2_res_conv1 k7       192      192      7      88064      192      48      0.27728     81.957     13.86   0x55f62f6b2031b48e
b2_res_conv2 k1       192      192      1      88064      192      48      0.07026     46.206     13.75   0x32f8820bcc155bbe
b3_res_conv1 k7        96       96      7     176128       96      48      0.14822     76.658     13.78   0xff51851ab5ea4447
b3_res_conv2 k1        96       96      1     176128       96      48      0.03605     45.030     13.82   0x566eaca08e7fa63a
conv_out     k7        96        1      7     176128        1       1      0.00359     33.010     13.44    0xd24101c72b7ddb2
TOTAL(one of each)                                                           1.10609
RC=0
--- probe len=344 round=11 arm=C
# vt::Conv1d decomposition probe (#1334) -- threads=14 latents=344 repeats=2
# VLLM_CPP_CPU_THREADS=14  pool.NThreads()=14
geom                in_ch   out_ch      k    out_len     rows  chunks       wall_s     GMAC/s user/wall          fingerprint
dec_in_proj  k1        64     1024      1        344     1024      54      0.00064     35.196     12.08   0xddb899befb3ae1c3
conv_in      k7      1024     1536      7        344     1536      55      0.05136     73.740     13.59   0xac7cd33b02221f66
b0_res_conv1 k7       768      768      7       2752      768      55      0.14383     78.998     13.83   0xa8e5fac5635ff6ad
b0_res_conv2 k1       768      768      1       2752      768      55      0.04103     39.559     12.77   0x4a8a6d80036ab1f8
b1_res_conv1 k7       384      384      7      22016      384      55      0.35489     64.034     12.74   0x8f4e5f08594bfb72
b1_res_conv2 k1       384      384      1      22016      384      55      0.07068     45.932     13.82   0x59b2555c34c82e3e
b2_res_conv1 k7       192      192      7      88064      192      48      0.28415     79.974     13.77   0x55f62f6b2031b48e
b2_res_conv2 k1       192      192      1      88064      192      48      0.07121     45.590     13.79   0x32f8820bcc155bbe
b3_res_conv1 k7        96       96      7     176128       96      48      0.14386     78.984     13.85   0xff51851ab5ea4447
b3_res_conv2 k1        96       96      1     176128       96      48      0.03828     42.407     13.58   0x566eaca08e7fa63a
conv_out     k7        96        1      7     176128        1       1      0.00384     30.826     13.80    0xd24101c72b7ddb2
TOTAL(one of each)                                                           1.20376
RC=0
--- probe len=344 round=11 arm=D
# vt::Conv1d decomposition probe (#1334) -- threads=14 latents=344 repeats=2
# VLLM_CPP_CPU_THREADS=14  pool.NThreads()=14
geom                in_ch   out_ch      k    out_len     rows  chunks       wall_s     GMAC/s user/wall          fingerprint
dec_in_proj  k1        64     1024      1        344     1024      54      0.00061     37.065     14.27   0xddb899befb3ae1c3
conv_in      k7      1024     1536      7        344     1536      55      0.04947     76.561     13.93   0xac7cd33b02221f66
b0_res_conv1 k7       768      768      7       2752      768      55      0.15181     74.845     13.80   0xa8e5fac5635ff6ad
b0_res_conv2 k1       768      768      1       2752      768      55      0.03026     53.647     13.73   0x4a8a6d80036ab1f8
b1_res_conv1 k7       384      384      7      22016      384      55      0.27603     82.326     13.86   0x8f4e5f08594bfb72
b1_res_conv2 k1       384      384      1      22016      384      55      0.08659     37.492     13.82   0x59b2555c34c82e3e
b2_res_conv1 k7       192      192      7      88064      192      48      0.27635     82.231     13.88   0x55f62f6b2031b48e
b2_res_conv2 k1       192      192      1      88064      192      48      0.06959     46.650     13.77   0x32f8820bcc155bbe
b3_res_conv1 k7        96       96      7     176128       96      48      0.14688     77.356     13.78   0xff51851ab5ea4447
b3_res_conv2 k1        96       96      1     176128       96      48      0.03525     46.046     13.74   0x566eaca08e7fa63a
conv_out     k7        96        1      7     176128        1       1      0.00347     34.117     12.99    0xd24101c72b7ddb2
TOTAL(one of each)                                                           1.12632
RC=0
--- probe len=344 round=11 arm=D2
# vt::Conv1d decomposition probe (#1334) -- threads=14 latents=344 repeats=2
# VLLM_CPP_CPU_THREADS=14  pool.NThreads()=14
geom                in_ch   out_ch      k    out_len     rows  chunks       wall_s     GMAC/s user/wall          fingerprint
dec_in_proj  k1        64     1024      1        344     1024      54      0.00065     34.941     11.04   0xddb899befb3ae1c3
conv_in      k7      1024     1536      7        344     1536      55      0.05182     73.092     13.76   0xac7cd33b02221f66
b0_res_conv1 k7       768      768      7       2752      768      55      0.14983     75.834     13.81   0xa8e5fac5635ff6ad
b0_res_conv2 k1       768      768      1       2752      768      55      0.03196     50.786     13.88   0x4a8a6d80036ab1f8
b1_res_conv1 k7       384      384      7      22016      384      55      0.27499     82.637     13.87   0x8f4e5f08594bfb72
b1_res_conv2 k1       384      384      1      22016      384      55      0.07759     41.840     13.85   0x59b2555c34c82e3e
b2_res_conv1 k7       192      192      7      88064      192      48      0.28105     80.856     13.83   0x55f62f6b2031b48e
b2_res_conv2 k1       192      192      1      88064      192      48      0.07284     44.569     13.72   0x32f8820bcc155bbe
b3_res_conv1 k7        96       96      7     176128       96      48      0.14271     79.618     13.90   0xff51851ab5ea4447
b3_res_conv2 k1        96       96      1     176128       96      48      0.03432     47.290     13.80   0x566eaca08e7fa63a
conv_out     k7        96        1      7     176128        1       1      0.00366     32.325     13.87    0xd24101c72b7ddb2
TOTAL(one of each)                                                           1.12143
RC=0
--- probe len=344 round=12 arm=D2
# vt::Conv1d decomposition probe (#1334) -- threads=14 latents=344 repeats=2
# VLLM_CPP_CPU_THREADS=14  pool.NThreads()=14
geom                in_ch   out_ch      k    out_len     rows  chunks       wall_s     GMAC/s user/wall          fingerprint
dec_in_proj  k1        64     1024      1        344     1024      54      0.00119     18.907     12.15   0xddb899befb3ae1c3
conv_in      k7      1024     1536      7        344     1536      55      0.04915     77.060     13.86   0xac7cd33b02221f66
b0_res_conv1 k7       768      768      7       2752      768      55      0.14816     76.689     13.74   0xa8e5fac5635ff6ad
b0_res_conv2 k1       768      768      1       2752      768      55      0.03777     42.980     12.65   0x4a8a6d80036ab1f8
b1_res_conv1 k7       384      384      7      22016      384      55      0.28524     79.670     13.67   0x8f4e5f08594bfb72
b1_res_conv2 k1       384      384      1      22016      384      55      0.07979     40.689     13.77   0x59b2555c34c82e3e
b2_res_conv1 k7       192      192      7      88064      192      48      0.27689     82.072     13.83   0x55f62f6b2031b48e
b2_res_conv2 k1       192      192      1      88064      192      48      0.07194     45.124     13.87   0x32f8820bcc155bbe
b3_res_conv1 k7        96       96      7     176128       96      48      0.14541     78.142     13.86   0xff51851ab5ea4447
b3_res_conv2 k1        96       96      1     176128       96      48      0.03544     45.796     13.83   0x566eaca08e7fa63a
conv_out     k7        96        1      7     176128        1       1      0.00388     30.467     13.72    0xd24101c72b7ddb2
TOTAL(one of each)                                                           1.13486
RC=0
--- probe len=344 round=12 arm=D
# vt::Conv1d decomposition probe (#1334) -- threads=14 latents=344 repeats=2
# VLLM_CPP_CPU_THREADS=14  pool.NThreads()=14
geom                in_ch   out_ch      k    out_len     rows  chunks       wall_s     GMAC/s user/wall          fingerprint
dec_in_proj  k1        64     1024      1        344     1024      54      0.00066     34.114     13.43   0xddb899befb3ae1c3
conv_in      k7      1024     1536      7        344     1536      55      0.04935     76.754     13.87   0xac7cd33b02221f66
b0_res_conv1 k7       768      768      7       2752      768      55      0.14601     77.817     13.85   0xa8e5fac5635ff6ad
b0_res_conv2 k1       768      768      1       2752      768      55      0.03318     48.918     13.20   0x4a8a6d80036ab1f8
b1_res_conv1 k7       384      384      7      22016      384      55      0.27404     82.926     13.89   0x8f4e5f08594bfb72
b1_res_conv2 k1       384      384      1      22016      384      55      0.07906     41.062     13.87   0x59b2555c34c82e3e
b2_res_conv1 k7       192      192      7      88064      192      48      0.27431     82.842     13.90   0x55f62f6b2031b48e
b2_res_conv2 k1       192      192      1      88064      192      48      0.06667     48.696     13.87   0x32f8820bcc155bbe
b3_res_conv1 k7        96       96      7     176128       96      48      0.14475     78.499     13.87   0xff51851ab5ea4447
b3_res_conv2 k1        96       96      1     176128       96      48      0.03375     48.091     13.76   0x566eaca08e7fa63a
conv_out     k7        96        1      7     176128        1       1      0.00356     33.278     12.91    0xd24101c72b7ddb2
TOTAL(one of each)                                                           1.10533
RC=0
--- probe len=344 round=12 arm=C
# vt::Conv1d decomposition probe (#1334) -- threads=14 latents=344 repeats=2
# VLLM_CPP_CPU_THREADS=14  pool.NThreads()=14
geom                in_ch   out_ch      k    out_len     rows  chunks       wall_s     GMAC/s user/wall          fingerprint
dec_in_proj  k1        64     1024      1        344     1024      54      0.00051     44.358     15.38   0xddb899befb3ae1c3
conv_in      k7      1024     1536      7        344     1536      55      0.04690     80.756     13.87   0xac7cd33b02221f66
b0_res_conv1 k7       768      768      7       2752      768      55      0.14351     79.176     13.84   0xa8e5fac5635ff6ad
b0_res_conv2 k1       768      768      1       2752      768      55      0.03099     52.371     13.80   0x4a8a6d80036ab1f8
b1_res_conv1 k7       384      384      7      22016      384      55      0.28173     80.661     13.77   0x8f4e5f08594bfb72
b1_res_conv2 k1       384      384      1      22016      384      55      0.07629     42.551     13.82   0x59b2555c34c82e3e
b2_res_conv1 k7       192      192      7      88064      192      48      0.27663     82.149     13.87   0x55f62f6b2031b48e
b2_res_conv2 k1       192      192      1      88064      192      48      0.06903     47.028     13.87   0x32f8820bcc155bbe
b3_res_conv1 k7        96       96      7     176128       96      48      0.14525     78.228     13.89   0xff51851ab5ea4447
b3_res_conv2 k1        96       96      1     176128       96      48      0.03774     43.009     13.75   0x566eaca08e7fa63a
conv_out     k7        96        1      7     176128        1       1      0.00412     28.757     13.24    0xd24101c72b7ddb2
TOTAL(one of each)                                                           1.11270
RC=0
--- probe len=344 round=13 arm=C
# vt::Conv1d decomposition probe (#1334) -- threads=14 latents=344 repeats=2
# VLLM_CPP_CPU_THREADS=14  pool.NThreads()=14
geom                in_ch   out_ch      k    out_len     rows  chunks       wall_s     GMAC/s user/wall          fingerprint
dec_in_proj  k1        64     1024      1        344     1024      54      0.00049     46.074     13.91   0xddb899befb3ae1c3
conv_in      k7      1024     1536      7        344     1536      55      0.05329     71.066     13.71   0xac7cd33b02221f66
b0_res_conv1 k7       768      768      7       2752      768      55      0.15753     72.128     13.14   0xa8e5fac5635ff6ad
b0_res_conv2 k1       768      768      1       2752      768      55      0.03976     40.822     13.09   0x4a8a6d80036ab1f8
b1_res_conv1 k7       384      384      7      22016      384      55      0.27402     82.931     13.84   0x8f4e5f08594bfb72
b1_res_conv2 k1       384      384      1      22016      384      55      0.08308     39.075     13.84   0x59b2555c34c82e3e
b2_res_conv1 k7       192      192      7      88064      192      48      0.27538     82.523     13.89   0x55f62f6b2031b48e
b2_res_conv2 k1       192      192      1      88064      192      48      0.07045     46.080     13.87   0x32f8820bcc155bbe
b3_res_conv1 k7        96       96      7     176128       96      48      0.14568     77.993     13.69   0xff51851ab5ea4447
b3_res_conv2 k1        96       96      1     176128       96      48      0.03328     48.770     13.84   0x566eaca08e7fa63a
conv_out     k7        96        1      7     176128        1       1      0.00372     31.805     13.86    0xd24101c72b7ddb2
TOTAL(one of each)                                                           1.13669
RC=0
--- probe len=344 round=13 arm=D
# vt::Conv1d decomposition probe (#1334) -- threads=14 latents=344 repeats=2
# VLLM_CPP_CPU_THREADS=14  pool.NThreads()=14
geom                in_ch   out_ch      k    out_len     rows  chunks       wall_s     GMAC/s user/wall          fingerprint
dec_in_proj  k1        64     1024      1        344     1024      54      0.00059     38.422     15.87   0xddb899befb3ae1c3
conv_in      k7      1024     1536      7        344     1536      55      0.05044     75.088     13.78   0xac7cd33b02221f66
b0_res_conv1 k7       768      768      7       2752      768      55      0.14706     77.263     13.83   0xa8e5fac5635ff6ad
b0_res_conv2 k1       768      768      1       2752      768      55      0.03051     53.210     13.80   0x4a8a6d80036ab1f8
b1_res_conv1 k7       384      384      7      22016      384      55      0.27396     82.949     13.88   0x8f4e5f08594bfb72
b1_res_conv2 k1       384      384      1      22016      384      55      0.07589     42.780     13.74   0x59b2555c34c82e3e
b2_res_conv1 k7       192      192      7      88064      192      48      0.27974     81.236     13.85   0x55f62f6b2031b48e
b2_res_conv2 k1       192      192      1      88064      192      48      0.06814     47.643     13.80   0x32f8820bcc155bbe
b3_res_conv1 k7        96       96      7     176128       96      48      0.14337     79.251     13.89   0xff51851ab5ea4447
b3_res_conv2 k1        96       96      1     176128       96      48      0.03417     47.506     13.83   0x566eaca08e7fa63a
conv_out     k7        96        1      7     176128        1       1      0.00348     34.049     13.98    0xd24101c72b7ddb2
TOTAL(one of each)                                                           1.10734
RC=0
--- probe len=344 round=13 arm=D2
# vt::Conv1d decomposition probe (#1334) -- threads=14 latents=344 repeats=2
# VLLM_CPP_CPU_THREADS=14  pool.NThreads()=14
geom                in_ch   out_ch      k    out_len     rows  chunks       wall_s     GMAC/s user/wall          fingerprint
dec_in_proj  k1        64     1024      1        344     1024      54      0.00051     44.521     13.41   0xddb899befb3ae1c3
conv_in      k7      1024     1536      7        344     1536      55      0.04974     76.138     13.81   0xac7cd33b02221f66
b0_res_conv1 k7       768      768      7       2752      768      55      0.14740     77.087     13.88   0xa8e5fac5635ff6ad
b0_res_conv2 k1       768      768      1       2752      768      55      0.03295     49.261     13.86   0x4a8a6d80036ab1f8
b1_res_conv1 k7       384      384      7      22016      384      55      0.27445     82.801     13.86   0x8f4e5f08594bfb72
b1_res_conv2 k1       384      384      1      22016      384      55      0.07094     45.766     13.89   0x59b2555c34c82e3e
b2_res_conv1 k7       192      192      7      88064      192      48      0.27676     82.110     13.84   0x55f62f6b2031b48e
b2_res_conv2 k1       192      192      1      88064      192      48      0.06942     46.766     13.87   0x32f8820bcc155bbe
b3_res_conv1 k7        96       96      7     176128       96      48      0.14496     78.381     13.82   0xff51851ab5ea4447
b3_res_conv2 k1        96       96      1     176128       96      48      0.03596     45.138     13.89   0x566eaca08e7fa63a
conv_out     k7        96        1      7     176128        1       1      0.00365     32.437     13.94    0xd24101c72b7ddb2
TOTAL(one of each)                                                           1.10674
RC=0
--- probe len=344 round=14 arm=D2
# vt::Conv1d decomposition probe (#1334) -- threads=14 latents=344 repeats=2
# VLLM_CPP_CPU_THREADS=14  pool.NThreads()=14
geom                in_ch   out_ch      k    out_len     rows  chunks       wall_s     GMAC/s user/wall          fingerprint
dec_in_proj  k1        64     1024      1        344     1024      54      0.00049     46.174     10.05   0xddb899befb3ae1c3
conv_in      k7      1024     1536      7        344     1536      55      0.05939     63.771     13.51   0xac7cd33b02221f66
b0_res_conv1 k7       768      768      7       2752      768      55      0.18060     62.915     12.69   0xa8e5fac5635ff6ad
b0_res_conv2 k1       768      768      1       2752      768      55      0.03789     42.836     12.41   0x4a8a6d80036ab1f8
b1_res_conv1 k7       384      384      7      22016      384      55      0.27822     81.678     13.74   0x8f4e5f08594bfb72
b1_res_conv2 k1       384      384      1      22016      384      55      0.07205     45.057     13.83   0x59b2555c34c82e3e
b2_res_conv1 k7       192      192      7      88064      192      48      0.27539     82.520     13.85   0x55f62f6b2031b48e
b2_res_conv2 k1       192      192      1      88064      192      48      0.07871     41.244     13.77   0x32f8820bcc155bbe
b3_res_conv1 k7        96       96      7     176128       96      48      0.14405     78.879     13.88   0xff51851ab5ea4447
b3_res_conv2 k1        96       96      1     176128       96      48      0.03616     44.890     13.77   0x566eaca08e7fa63a
conv_out     k7        96        1      7     176128        1       1      0.00349     33.873     13.32    0xd24101c72b7ddb2
TOTAL(one of each)                                                           1.16644
RC=0
--- probe len=344 round=14 arm=D
# vt::Conv1d decomposition probe (#1334) -- threads=14 latents=344 repeats=2
# VLLM_CPP_CPU_THREADS=14  pool.NThreads()=14
geom                in_ch   out_ch      k    out_len     rows  chunks       wall_s     GMAC/s user/wall          fingerprint
dec_in_proj  k1        64     1024      1        344     1024      54      0.00049     46.150     15.09   0xddb899befb3ae1c3
conv_in      k7      1024     1536      7        344     1536      55      0.04963     76.310     13.85   0xac7cd33b02221f66
b0_res_conv1 k7       768      768      7       2752      768      55      0.14412     78.842     13.91   0xa8e5fac5635ff6ad
b0_res_conv2 k1       768      768      1       2752      768      55      0.02968     54.690     13.80   0x4a8a6d80036ab1f8
b1_res_conv1 k7       384      384      7      22016      384      55      0.27534     82.533     13.86   0x8f4e5f08594bfb72
b1_res_conv2 k1       384      384      1      22016      384      55      0.08256     39.322     13.85   0x59b2555c34c82e3e
b2_res_conv1 k7       192      192      7      88064      192      48      0.27795     81.758     13.84   0x55f62f6b2031b48e
b2_res_conv2 k1       192      192      1      88064      192      48      0.06933     46.823     13.82   0x32f8820bcc155bbe
b3_res_conv1 k7        96       96      7     176128       96      48      0.14326     79.315     13.85   0xff51851ab5ea4447
b3_res_conv2 k1        96       96      1     176128       96      48      0.03371     48.157     13.77   0x566eaca08e7fa63a
conv_out     k7        96        1      7     176128        1       1      0.00356     33.246     13.23    0xd24101c72b7ddb2
TOTAL(one of each)                                                           1.10963
RC=0
--- probe len=344 round=14 arm=C
# vt::Conv1d decomposition probe (#1334) -- threads=14 latents=344 repeats=2
# VLLM_CPP_CPU_THREADS=14  pool.NThreads()=14
geom                in_ch   out_ch      k    out_len     rows  chunks       wall_s     GMAC/s user/wall          fingerprint
dec_in_proj  k1        64     1024      1        344     1024      54      0.00049     45.762     13.88   0xddb899befb3ae1c3
conv_in      k7      1024     1536      7        344     1536      55      0.04691     80.739     13.83   0xac7cd33b02221f66
b0_res_conv1 k7       768      768      7       2752      768      55      0.14292     79.501     13.81   0xa8e5fac5635ff6ad
b0_res_conv2 k1       768      768      1       2752      768      55      0.03120     52.029     13.76   0x4a8a6d80036ab1f8
b1_res_conv1 k7       384      384      7      22016      384      55      0.27681     82.096     13.79   0x8f4e5f08594bfb72
b1_res_conv2 k1       384      384      1      22016      384      55      0.06903     47.028     13.80   0x59b2555c34c82e3e
b2_res_conv1 k7       192      192      7      88064      192      48      0.27545     82.502     13.87   0x55f62f6b2031b48e
b2_res_conv2 k1       192      192      1      88064      192      48      0.07112     45.649     13.80   0x32f8820bcc155bbe
b3_res_conv1 k7        96       96      7     176128       96      48      0.14306     79.423     13.87   0xff51851ab5ea4447
b3_res_conv2 k1        96       96      1     176128       96      48      0.03454     46.993     13.77   0x566eaca08e7fa63a
conv_out     k7        96        1      7     176128        1       1      0.00411     28.785     12.81    0xd24101c72b7ddb2
TOTAL(one of each)                                                           1.09564
RC=0
--- probe len=344 round=15 arm=C
# vt::Conv1d decomposition probe (#1334) -- threads=14 latents=344 repeats=2
# VLLM_CPP_CPU_THREADS=14  pool.NThreads()=14
geom                in_ch   out_ch      k    out_len     rows  chunks       wall_s     GMAC/s user/wall          fingerprint
dec_in_proj  k1        64     1024      1        344     1024      54      0.00071     31.874     12.37   0xddb899befb3ae1c3
conv_in      k7      1024     1536      7        344     1536      55      0.05686     66.614     12.75   0xac7cd33b02221f66
b0_res_conv1 k7       768      768      7       2752      768      55      0.14689     77.355     13.71   0xa8e5fac5635ff6ad
b0_res_conv2 k1       768      768      1       2752      768      55      0.03033     53.513     13.88   0x4a8a6d80036ab1f8
b1_res_conv1 k7       384      384      7      22016      384      55      0.27605     82.322     13.84   0x8f4e5f08594bfb72
b1_res_conv2 k1       384      384      1      22016      384      55      0.07640     42.490     13.85   0x59b2555c34c82e3e
b2_res_conv1 k7       192      192      7      88064      192      48      0.27894     81.467     13.87   0x55f62f6b2031b48e
b2_res_conv2 k1       192      192      1      88064      192      48      0.07348     44.181     13.77   0x32f8820bcc155bbe
b3_res_conv1 k7        96       96      7     176128       96      48      0.14185     80.099     13.91   0xff51851ab5ea4447
b3_res_conv2 k1        96       96      1     176128       96      48      0.03455     46.975     13.73   0x566eaca08e7fa63a
conv_out     k7        96        1      7     176128        1       1      0.00389     30.418     13.31    0xd24101c72b7ddb2
TOTAL(one of each)                                                           1.11996
RC=0
--- probe len=344 round=15 arm=D
# vt::Conv1d decomposition probe (#1334) -- threads=14 latents=344 repeats=2
# VLLM_CPP_CPU_THREADS=14  pool.NThreads()=14
geom                in_ch   out_ch      k    out_len     rows  chunks       wall_s     GMAC/s user/wall          fingerprint
dec_in_proj  k1        64     1024      1        344     1024      54      0.00064     35.026     11.11   0xddb899befb3ae1c3
conv_in      k7      1024     1536      7        344     1536      55      0.05292     71.565     13.37   0xac7cd33b02221f66
b0_res_conv1 k7       768      768      7       2752      768      55      0.15333     74.105     13.82   0xa8e5fac5635ff6ad
b0_res_conv2 k1       768      768      1       2752      768      55      0.03156     51.433     13.74   0x4a8a6d80036ab1f8
b1_res_conv1 k7       384      384      7      22016      384      55      0.28392     80.040     13.66   0x8f4e5f08594bfb72
b1_res_conv2 k1       384      384      1      22016      384      55      0.07034     46.156     13.89   0x59b2555c34c82e3e
b2_res_conv1 k7       192      192      7      88064      192      48      0.27596     82.349     13.83   0x55f62f6b2031b48e
b2_res_conv2 k1       192      192      1      88064      192      48      0.06942     46.765     13.84   0x32f8820bcc155bbe
b3_res_conv1 k7        96       96      7     176128       96      48      0.14292     79.501     13.84   0xff51851ab5ea4447
b3_res_conv2 k1        96       96      1     176128       96      48      0.03600     45.095     13.57   0x566eaca08e7fa63a
conv_out     k7        96        1      7     176128        1       1      0.00371     31.917     13.46    0xd24101c72b7ddb2
TOTAL(one of each)                                                           1.12071
RC=0
--- probe len=344 round=15 arm=D2
# vt::Conv1d decomposition probe (#1334) -- threads=14 latents=344 repeats=2
# VLLM_CPP_CPU_THREADS=14  pool.NThreads()=14
geom                in_ch   out_ch      k    out_len     rows  chunks       wall_s     GMAC/s user/wall          fingerprint
dec_in_proj  k1        64     1024      1        344     1024      54      0.00049     46.050     10.56   0xddb899befb3ae1c3
conv_in      k7      1024     1536      7        344     1536      55      0.04960     76.360     13.79   0xac7cd33b02221f66
b0_res_conv1 k7       768      768      7       2752      768      55      0.14690     77.350     13.86   0xa8e5fac5635ff6ad
b0_res_conv2 k1       768      768      1       2752      768      55      0.02992     54.260     13.81   0x4a8a6d80036ab1f8
b1_res_conv1 k7       384      384      7      22016      384      55      0.27458     82.761     13.81   0x8f4e5f08594bfb72
b1_res_conv2 k1       384      384      1      22016      384      55      0.07510     43.229     13.83   0x59b2555c34c82e3e
b2_res_conv1 k7       192      192      7      88064      192      48      0.27477     82.703     13.89   0x55f62f6b2031b48e
b2_res_conv2 k1       192      192      1      88064      192      48      0.07136     45.494     13.80   0x32f8820bcc155bbe
b3_res_conv1 k7        96       96      7     176128       96      48      0.15284     74.342     13.61   0xff51851ab5ea4447
b3_res_conv2 k1        96       96      1     176128       96      48      0.04364     37.192     13.24   0x566eaca08e7fa63a
conv_out     k7        96        1      7     176128        1       1      0.00356     33.239     13.95    0xd24101c72b7ddb2
TOTAL(one of each)                                                           1.12276
RC=0

=== THE WINDOW -- 86 latents, 14 threads, 11 alternated rounds, C D D2
A CHECK, never a multiplier: spec 2 records a 1.80x disagreement between
this instrument and the op probe, so no probe ratio is carried onto a window.
D2 is here to give 16b594ec's unattributed 3 % and arm D's bimodality a control.
--- window round=1 arm=C
# MiniMax-Music3 vocoder decode-window A/B (#1334)
# latent_channels=128 decoder_input_dim=1024 decoder_hidden_dim=1536 hop=512
   latents    repeats       best_s s_per_latent          fingerprint
        86          1       3.4654     0.040295   0xc2d5eaf095d1c483
RC=0
--- window round=1 arm=D
# MiniMax-Music3 vocoder decode-window A/B (#1334)
# latent_channels=128 decoder_input_dim=1024 decoder_hidden_dim=1536 hop=512
   latents    repeats       best_s s_per_latent          fingerprint
        86          1       3.4738     0.040393   0xc2d5eaf095d1c483
RC=0
--- window round=1 arm=D2
# MiniMax-Music3 vocoder decode-window A/B (#1334)
# latent_channels=128 decoder_input_dim=1024 decoder_hidden_dim=1536 hop=512
   latents    repeats       best_s s_per_latent          fingerprint
        86          1       3.6712     0.042688   0xc2d5eaf095d1c483
RC=0
--- window round=2 arm=D2
# MiniMax-Music3 vocoder decode-window A/B (#1334)
# latent_channels=128 decoder_input_dim=1024 decoder_hidden_dim=1536 hop=512
   latents    repeats       best_s s_per_latent          fingerprint
        86          1       3.4809     0.040475   0xc2d5eaf095d1c483
RC=0
--- window round=2 arm=D
# MiniMax-Music3 vocoder decode-window A/B (#1334)
# latent_channels=128 decoder_input_dim=1024 decoder_hidden_dim=1536 hop=512
   latents    repeats       best_s s_per_latent          fingerprint
        86          1       3.4852     0.040525   0xc2d5eaf095d1c483
RC=0
--- window round=2 arm=C
# MiniMax-Music3 vocoder decode-window A/B (#1334)
# latent_channels=128 decoder_input_dim=1024 decoder_hidden_dim=1536 hop=512
   latents    repeats       best_s s_per_latent          fingerprint
        86          1       3.6638     0.042602   0xc2d5eaf095d1c483
RC=0
--- window round=3 arm=C
# MiniMax-Music3 vocoder decode-window A/B (#1334)
# latent_channels=128 decoder_input_dim=1024 decoder_hidden_dim=1536 hop=512
   latents    repeats       best_s s_per_latent          fingerprint
        86          1       3.2324     0.037587   0xc2d5eaf095d1c483
RC=0
--- window round=3 arm=D
# MiniMax-Music3 vocoder decode-window A/B (#1334)
# latent_channels=128 decoder_input_dim=1024 decoder_hidden_dim=1536 hop=512
   latents    repeats       best_s s_per_latent          fingerprint
        86          1       4.0861     0.047513   0xc2d5eaf095d1c483
RC=0
--- window round=3 arm=D2
# MiniMax-Music3 vocoder decode-window A/B (#1334)
# latent_channels=128 decoder_input_dim=1024 decoder_hidden_dim=1536 hop=512
   latents    repeats       best_s s_per_latent          fingerprint
        86          1       3.4625     0.040262   0xc2d5eaf095d1c483
RC=0
--- window round=4 arm=D2
# MiniMax-Music3 vocoder decode-window A/B (#1334)
# latent_channels=128 decoder_input_dim=1024 decoder_hidden_dim=1536 hop=512
   latents    repeats       best_s s_per_latent          fingerprint
        86          1       3.4924     0.040609   0xc2d5eaf095d1c483
RC=0
--- window round=4 arm=D
[heartbeat] 2026-08-23T13:57:42Z
# MiniMax-Music3 vocoder decode-window A/B (#1334)
# latent_channels=128 decoder_input_dim=1024 decoder_hidden_dim=1536 hop=512
   latents    repeats       best_s s_per_latent          fingerprint
        86          1       3.7300     0.043372   0xc2d5eaf095d1c483
RC=0
--- window round=4 arm=C
# MiniMax-Music3 vocoder decode-window A/B (#1334)
# latent_channels=128 decoder_input_dim=1024 decoder_hidden_dim=1536 hop=512
   latents    repeats       best_s s_per_latent          fingerprint
        86          1       3.4781     0.040443   0xc2d5eaf095d1c483
RC=0
--- window round=5 arm=C
# MiniMax-Music3 vocoder decode-window A/B (#1334)
# latent_channels=128 decoder_input_dim=1024 decoder_hidden_dim=1536 hop=512
   latents    repeats       best_s s_per_latent          fingerprint
        86          1       3.6298     0.042207   0xc2d5eaf095d1c483
RC=0
--- window round=5 arm=D
# MiniMax-Music3 vocoder decode-window A/B (#1334)
# latent_channels=128 decoder_input_dim=1024 decoder_hidden_dim=1536 hop=512
   latents    repeats       best_s s_per_latent          fingerprint
        86          1       3.4717     0.040368   0xc2d5eaf095d1c483
RC=0
--- window round=5 arm=D2
# MiniMax-Music3 vocoder decode-window A/B (#1334)
# latent_channels=128 decoder_input_dim=1024 decoder_hidden_dim=1536 hop=512
   latents    repeats       best_s s_per_latent          fingerprint
        86          1       3.4686     0.040333   0xc2d5eaf095d1c483
RC=0
--- window round=6 arm=D2
# MiniMax-Music3 vocoder decode-window A/B (#1334)
# latent_channels=128 decoder_input_dim=1024 decoder_hidden_dim=1536 hop=512
   latents    repeats       best_s s_per_latent          fingerprint
        86          1       3.6286     0.042193   0xc2d5eaf095d1c483
RC=0
--- window round=6 arm=D
# MiniMax-Music3 vocoder decode-window A/B (#1334)
# latent_channels=128 decoder_input_dim=1024 decoder_hidden_dim=1536 hop=512
   latents    repeats       best_s s_per_latent          fingerprint
        86          1       3.4814     0.040482   0xc2d5eaf095d1c483
RC=0
--- window round=6 arm=C
# MiniMax-Music3 vocoder decode-window A/B (#1334)
# latent_channels=128 decoder_input_dim=1024 decoder_hidden_dim=1536 hop=512
   latents    repeats       best_s s_per_latent          fingerprint
        86          1       3.4746     0.040403   0xc2d5eaf095d1c483
RC=0
--- window round=7 arm=C
# MiniMax-Music3 vocoder decode-window A/B (#1334)
# latent_channels=128 decoder_input_dim=1024 decoder_hidden_dim=1536 hop=512
   latents    repeats       best_s s_per_latent          fingerprint
        86          1       3.6105     0.041982   0xc2d5eaf095d1c483
RC=0
--- window round=7 arm=D
# MiniMax-Music3 vocoder decode-window A/B (#1334)
# latent_channels=128 decoder_input_dim=1024 decoder_hidden_dim=1536 hop=512
   latents    repeats       best_s s_per_latent          fingerprint
        86          1       3.4677     0.040322   0xc2d5eaf095d1c483
RC=0
--- window round=7 arm=D2
# MiniMax-Music3 vocoder decode-window A/B (#1334)
# latent_channels=128 decoder_input_dim=1024 decoder_hidden_dim=1536 hop=512
   latents    repeats       best_s s_per_latent          fingerprint
        86          1       3.5784     0.041609   0xc2d5eaf095d1c483
RC=0
--- window round=8 arm=D2
# MiniMax-Music3 vocoder decode-window A/B (#1334)
# latent_channels=128 decoder_input_dim=1024 decoder_hidden_dim=1536 hop=512
   latents    repeats       best_s s_per_latent          fingerprint
        86          1       3.4806     0.040472   0xc2d5eaf095d1c483
RC=0
--- window round=8 arm=D
# MiniMax-Music3 vocoder decode-window A/B (#1334)
# latent_channels=128 decoder_input_dim=1024 decoder_hidden_dim=1536 hop=512
   latents    repeats       best_s s_per_latent          fingerprint
        86          1       3.4680     0.040325   0xc2d5eaf095d1c483
RC=0
--- window round=8 arm=C
# MiniMax-Music3 vocoder decode-window A/B (#1334)
# latent_channels=128 decoder_input_dim=1024 decoder_hidden_dim=1536 hop=512
   latents    repeats       best_s s_per_latent          fingerprint
        86          1       3.6436     0.042367   0xc2d5eaf095d1c483
RC=0
--- window round=9 arm=C
# MiniMax-Music3 vocoder decode-window A/B (#1334)
# latent_channels=128 decoder_input_dim=1024 decoder_hidden_dim=1536 hop=512
   latents    repeats       best_s s_per_latent          fingerprint
        86          1       3.4450     0.040058   0xc2d5eaf095d1c483
RC=0
--- window round=9 arm=D
# MiniMax-Music3 vocoder decode-window A/B (#1334)
# latent_channels=128 decoder_input_dim=1024 decoder_hidden_dim=1536 hop=512
   latents    repeats       best_s s_per_latent          fingerprint
        86          1       3.6434     0.042365   0xc2d5eaf095d1c483
RC=0
--- window round=9 arm=D2
# MiniMax-Music3 vocoder decode-window A/B (#1334)
# latent_channels=128 decoder_input_dim=1024 decoder_hidden_dim=1536 hop=512
   latents    repeats       best_s s_per_latent          fingerprint
        86          1       3.5684     0.041493   0xc2d5eaf095d1c483
RC=0
--- window round=10 arm=D2
# MiniMax-Music3 vocoder decode-window A/B (#1334)
# latent_channels=128 decoder_input_dim=1024 decoder_hidden_dim=1536 hop=512
   latents    repeats       best_s s_per_latent          fingerprint
        86          1       3.4731     0.040385   0xc2d5eaf095d1c483
RC=0
--- window round=10 arm=D
# MiniMax-Music3 vocoder decode-window A/B (#1334)
# latent_channels=128 decoder_input_dim=1024 decoder_hidden_dim=1536 hop=512
   latents    repeats       best_s s_per_latent          fingerprint
        86          1       3.6070     0.041941   0xc2d5eaf095d1c483
RC=0
--- window round=10 arm=C
# MiniMax-Music3 vocoder decode-window A/B (#1334)
# latent_channels=128 decoder_input_dim=1024 decoder_hidden_dim=1536 hop=512
   latents    repeats       best_s s_per_latent          fingerprint
        86          1       3.4487     0.040101   0xc2d5eaf095d1c483
RC=0
--- window round=11 arm=C
# MiniMax-Music3 vocoder decode-window A/B (#1334)
# latent_channels=128 decoder_input_dim=1024 decoder_hidden_dim=1536 hop=512
   latents    repeats       best_s s_per_latent          fingerprint
        86          1       3.4904     0.040586   0xc2d5eaf095d1c483
RC=0
--- window round=11 arm=D
# MiniMax-Music3 vocoder decode-window A/B (#1334)
# latent_channels=128 decoder_input_dim=1024 decoder_hidden_dim=1536 hop=512
   latents    repeats       best_s s_per_latent          fingerprint
        86          1       3.5733     0.041550   0xc2d5eaf095d1c483
RC=0
--- window round=11 arm=D2
# MiniMax-Music3 vocoder decode-window A/B (#1334)
# latent_channels=128 decoder_input_dim=1024 decoder_hidden_dim=1536 hop=512
   latents    repeats       best_s s_per_latent          fingerprint
        86          1       3.4628     0.040265   0xc2d5eaf095d1c483
RC=0

=== DONE
 13:59:09 up 17:20,  0 user,  load average: 16.63, 13.49, 10.03
boot_id final: e2112cac-660b-434e-911d-33cbd29b9176
ONE BOOT: OK
Filesystem      Size  Used Avail Use% Mounted on
overlay         918G  756G  116G  87% /
rc: log stream ended: unexpected EOF
